State,Date,Hourly Demand Met (in MW)
Delhi - 2024,01-Jan 12am,2019.57
Delhi - 2024,01-Jan 1am,1757.78
Delhi - 2024,01-Jan 2am,1605.63
Delhi - 2024,01-Jan 3am,1548.81
Delhi - 2024,01-Jan 4am,1596.26
Delhi - 2024,01-Jan 5am,1891.60
Delhi - 2024,01-Jan 6am,2553.19
Delhi - 2024,01-Jan 7am,3381.37
Delhi - 2024,01-Jan 8am,4035.32
Delhi - 2024,01-Jan 9am,4537.35
Delhi - 2024,01-Jan 10am,4927.47
Delhi - 2024,01-Jan 11am,4896.58
Delhi - 2024,01-Jan 12pm,4627.40
Delhi - 2024,01-Jan 1pm,4063.98
Delhi - 2024,01-Jan 2pm,3813.38
Delhi - 2024,01-Jan 3pm,3559.53
Delhi - 2024,01-Jan 4pm,3437.70
Delhi - 2024,01-Jan 5pm,3525.15
Delhi - 2024,01-Jan 6pm,3663.64
Delhi - 2024,01-Jan 7pm,3556.42
Delhi - 2024,01-Jan 8pm,3367.28
Delhi - 2024,01-Jan 9pm,3181.89
Delhi - 2024,01-Jan 10pm,2888.65
Delhi - 2024,01-Jan 11pm,2427.78
Delhi - 2024,02-Jan 12am,2003.44
Delhi - 2024,02-Jan 1am,1737.58
Delhi - 2024,02-Jan 2am,1605.17
Delhi - 2024,02-Jan 3am,1535.08
Delhi - 2024,02-Jan 4am,1594.57
Delhi - 2024,02-Jan 5am,1896.24
Delhi - 2024,02-Jan 6am,2540.03
Delhi - 2024,02-Jan 7am,3350.99
Delhi - 2024,02-Jan 8am,4023.50
Delhi - 2024,02-Jan 9am,4439.54
Delhi - 2024,02-Jan 10am,4706.42
Delhi - 2024,02-Jan 11am,4651.39
Delhi - 2024,02-Jan 12pm,4358.51
Delhi - 2024,02-Jan 1pm,3892.75
Delhi - 2024,02-Jan 2pm,3746.67
Delhi - 2024,02-Jan 3pm,3620.84
Delhi - 2024,02-Jan 4pm,3593.08
Delhi - 2024,02-Jan 5pm,3798.08
Delhi - 2024,02-Jan 6pm,3972.57
Delhi - 2024,02-Jan 7pm,3847.50
Delhi - 2024,02-Jan 8pm,3640.53
Delhi - 2024,02-Jan 9pm,3451.66
Delhi - 2024,02-Jan 10pm,3116.00
Delhi - 2024,02-Jan 11pm,2585.41
Delhi - 2024,03-Jan 12am,2079.22
Delhi - 2024,03-Jan 1am,1805.21
Delhi - 2024,03-Jan 2am,1680.77
Delhi - 2024,03-Jan 3am,1633.47
Delhi - 2024,03-Jan 4am,1691.98
Delhi - 2024,03-Jan 5am,2004.52
Delhi - 2024,03-Jan 6am,2698.90
Delhi - 2024,03-Jan 7am,3594.85
Delhi - 2024,03-Jan 8am,4325.96
Delhi - 2024,03-Jan 9am,4747.86
Delhi - 2024,03-Jan 10am,5042.71
Delhi - 2024,03-Jan 11am,4984.46
Delhi - 2024,03-Jan 12pm,4697.15
Delhi - 2024,03-Jan 1pm,4229.67
Delhi - 2024,03-Jan 2pm,4114.29
Delhi - 2024,03-Jan 3pm,3951.46
Delhi - 2024,03-Jan 4pm,3909.54
Delhi - 2024,03-Jan 5pm,4039.51
Delhi - 2024,03-Jan 6pm,4169.48
Delhi - 2024,03-Jan 7pm,4061.08
Delhi - 2024,03-Jan 8pm,3822.59
Delhi - 2024,03-Jan 9pm,3582.09
Delhi - 2024,03-Jan 10pm,3259.55
Delhi - 2024,03-Jan 11pm,2710.71
Delhi - 2024,04-Jan 12am,2213.41
Delhi - 2024,04-Jan 1am,1890.96
Delhi - 2024,04-Jan 2am,1730.31
Delhi - 2024,04-Jan 3am,1656.14
Delhi - 2024,04-Jan 4am,1713.67
Delhi - 2024,04-Jan 5am,2023.65
Delhi - 2024,04-Jan 6am,2760.95
Delhi - 2024,04-Jan 7am,3628.48
Delhi - 2024,04-Jan 8am,4312.32
Delhi - 2024,04-Jan 9am,4730.17
Delhi - 2024,04-Jan 10am,5028.97
Delhi - 2024,04-Jan 11am,5013.93
Delhi - 2024,04-Jan 12pm,4843.81
Delhi - 2024,04-Jan 1pm,4479.61
Delhi - 2024,04-Jan 2pm,4382.57
Delhi - 2024,04-Jan 3pm,4240.47
Delhi - 2024,04-Jan 4pm,4118.60
Delhi - 2024,04-Jan 5pm,4225.82
Delhi - 2024,04-Jan 6pm,4347.63
Delhi - 2024,04-Jan 7pm,4215.76
Delhi - 2024,04-Jan 8pm,3991.56
Delhi - 2024,04-Jan 9pm,3744.31
Delhi - 2024,04-Jan 10pm,3366.35
Delhi - 2024,04-Jan 11pm,2792.95
Delhi - 2024,05-Jan 12am,2254.08
Delhi - 2024,05-Jan 1am,1940.54
Delhi - 2024,05-Jan 2am,1779.34
Delhi - 2024,05-Jan 3am,1726.71
Delhi - 2024,05-Jan 4am,1804.67
Delhi - 2024,05-Jan 5am,2117.56
Delhi - 2024,05-Jan 6am,2838.50
Delhi - 2024,05-Jan 7am,3782.91
Delhi - 2024,05-Jan 8am,4558.16
Delhi - 2024,05-Jan 9am,5003.84
Delhi - 2024,05-Jan 10am,5271.03
Delhi - 2024,05-Jan 11am,5346.09
Delhi - 2024,05-Jan 12pm,5267.71
Delhi - 2024,05-Jan 1pm,4844.82
Delhi - 2024,05-Jan 2pm,4609.96
Delhi - 2024,05-Jan 3pm,4411.09
Delhi - 2024,05-Jan 4pm,4232.44
Delhi - 2024,05-Jan 5pm,4308.21
Delhi - 2024,05-Jan 6pm,4428.63
Delhi - 2024,05-Jan 7pm,4283.72
Delhi - 2024,05-Jan 8pm,4011.96
Delhi - 2024,05-Jan 9pm,3750.31
Delhi - 2024,05-Jan 10pm,3413.15
Delhi - 2024,05-Jan 11pm,2854.77
Delhi - 2024,06-Jan 12am,2349.21
Delhi - 2024,06-Jan 1am,2020.48
Delhi - 2024,06-Jan 2am,1849.73
Delhi - 2024,06-Jan 3am,1772.20
Delhi - 2024,06-Jan 4am,1838.10
Delhi - 2024,06-Jan 5am,2089.02
Delhi - 2024,06-Jan 6am,2710.29
Delhi - 2024,06-Jan 7am,3529.68
Delhi - 2024,06-Jan 8am,4214.08
Delhi - 2024,06-Jan 9am,4630.88
Delhi - 2024,06-Jan 10am,4989.41
Delhi - 2024,06-Jan 11am,4982.65
Delhi - 2024,06-Jan 12pm,4751.47
Delhi - 2024,06-Jan 1pm,4367.80
Delhi - 2024,06-Jan 2pm,4138.62
Delhi - 2024,06-Jan 3pm,3940.14
Delhi - 2024,06-Jan 4pm,3809.96
Delhi - 2024,06-Jan 5pm,3959.97
Delhi - 2024,06-Jan 6pm,4151.58
Delhi - 2024,06-Jan 7pm,4039.65
Delhi - 2024,06-Jan 8pm,3875.15
Delhi - 2024,06-Jan 9pm,3654.54
Delhi - 2024,06-Jan 10pm,3323.31
Delhi - 2024,06-Jan 11pm,2827.86
Delhi - 2024,07-Jan 12am,2304.33
Delhi - 2024,07-Jan 1am,1964.11
Delhi - 2024,07-Jan 2am,1793.06
Delhi - 2024,07-Jan 3am,1703.97
Delhi - 2024,07-Jan 4am,1734.64
Delhi - 2024,07-Jan 5am,1959.08
Delhi - 2024,07-Jan 6am,2447.55
Delhi - 2024,07-Jan 7am,3138.53
Delhi - 2024,07-Jan 8am,3855.75
Delhi - 2024,07-Jan 9am,4404.77
Delhi - 2024,07-Jan 10am,4943.72
Delhi - 2024,07-Jan 11am,4975.41
Delhi - 2024,07-Jan 12pm,4789.04
Delhi - 2024,07-Jan 1pm,4293.09
Delhi - 2024,07-Jan 2pm,3951.19
Delhi - 2024,07-Jan 3pm,3678.16
Delhi - 2024,07-Jan 4pm,3570.14
Delhi - 2024,07-Jan 5pm,3715.15
Delhi - 2024,07-Jan 6pm,3934.22
Delhi - 2024,07-Jan 7pm,3912.97
Delhi - 2024,07-Jan 8pm,3764.54
Delhi - 2024,07-Jan 9pm,3574.21
Delhi - 2024,07-Jan 10pm,3215.66
Delhi - 2024,07-Jan 11pm,2693.14
Delhi - 2024,08-Jan 12am,2202.01
Delhi - 2024,08-Jan 1am,1909.68
Delhi - 2024,08-Jan 2am,1741.39
Delhi - 2024,08-Jan 3am,1676.22
Delhi - 2024,08-Jan 4am,1764.70
Delhi - 2024,08-Jan 5am,2132.35
Delhi - 2024,08-Jan 6am,3016.21
Delhi - 2024,08-Jan 7am,3897.52
Delhi - 2024,08-Jan 8am,4497.63
Delhi - 2024,08-Jan 9am,4843.04
Delhi - 2024,08-Jan 10am,5098.74
Delhi - 2024,08-Jan 11am,5112.72
Delhi - 2024,08-Jan 12pm,4907.49
Delhi - 2024,08-Jan 1pm,4534.89
Delhi - 2024,08-Jan 2pm,4332.83
Delhi - 2024,08-Jan 3pm,4110.39
Delhi - 2024,08-Jan 4pm,3984.99
Delhi - 2024,08-Jan 5pm,4089.28
Delhi - 2024,08-Jan 6pm,4299.31
Delhi - 2024,08-Jan 7pm,4235.31
Delhi - 2024,08-Jan 8pm,4047.98
Delhi - 2024,08-Jan 9pm,3830.67
Delhi - 2024,08-Jan 10pm,3470.57
Delhi - 2024,08-Jan 11pm,2890.39
Delhi - 2024,09-Jan 12am,2335.52
Delhi - 2024,09-Jan 1am,2009.33
Delhi - 2024,09-Jan 2am,1863.08
Delhi - 2024,09-Jan 3am,1786.39
Delhi - 2024,09-Jan 4am,1852.25
Delhi - 2024,09-Jan 5am,2217.24
Delhi - 2024,09-Jan 6am,3067.65
Delhi - 2024,09-Jan 7am,3986.85
Delhi - 2024,09-Jan 8am,4573.63
Delhi - 2024,09-Jan 9am,4927.79
Delhi - 2024,09-Jan 10am,5242.11
Delhi - 2024,09-Jan 11am,5245.48
Delhi - 2024,09-Jan 12pm,5031.95
Delhi - 2024,09-Jan 1pm,4629.03
Delhi - 2024,09-Jan 2pm,4515.45
Delhi - 2024,09-Jan 3pm,4437.90
Delhi - 2024,09-Jan 4pm,4216.78
Delhi - 2024,09-Jan 5pm,4273.10
Delhi - 2024,09-Jan 6pm,4485.97
Delhi - 2024,09-Jan 7pm,4375.38
Delhi - 2024,09-Jan 8pm,4177.73
Delhi - 2024,09-Jan 9pm,4005.57
Delhi - 2024,09-Jan 10pm,3598.98
Delhi - 2024,09-Jan 11pm,2981.36
Delhi - 2024,10-Jan 12am,2402.56
Delhi - 2024,10-Jan 1am,2054.42
Delhi - 2024,10-Jan 2am,1888.92
Delhi - 2024,10-Jan 3am,1819.87
Delhi - 2024,10-Jan 4am,1882.76
Delhi - 2024,10-Jan 5am,2248.22
Delhi - 2024,10-Jan 6am,3147.91
Delhi - 2024,10-Jan 7am,4080.54
Delhi - 2024,10-Jan 8am,4719.20
Delhi - 2024,10-Jan 9am,5134.66
Delhi - 2024,10-Jan 10am,5454.60
Delhi - 2024,10-Jan 11am,5418.62
Delhi - 2024,10-Jan 12pm,5172.75
Delhi - 2024,10-Jan 1pm,4726.81
Delhi - 2024,10-Jan 2pm,4497.38
Delhi - 2024,10-Jan 3pm,4363.25
Delhi - 2024,10-Jan 4pm,4171.29
Delhi - 2024,10-Jan 5pm,4326.92
Delhi - 2024,10-Jan 6pm,4561.03
Delhi - 2024,10-Jan 7pm,4455.33
Delhi - 2024,10-Jan 8pm,4261.73
Delhi - 2024,10-Jan 9pm,4071.32
Delhi - 2024,10-Jan 10pm,3728.32
Delhi - 2024,10-Jan 11pm,3074.16
Delhi - 2024,11-Jan 12am,2474.95
Delhi - 2024,11-Jan 1am,2105.38
Delhi - 2024,11-Jan 2am,1919.83
Delhi - 2024,11-Jan 3am,1851.67
Delhi - 2024,11-Jan 4am,1914.75
Delhi - 2024,11-Jan 5am,2299.54
Delhi - 2024,11-Jan 6am,3177.22
Delhi - 2024,11-Jan 7am,4122.36
Delhi - 2024,11-Jan 8am,4710.21
Delhi - 2024,11-Jan 9am,5075.86
Delhi - 2024,11-Jan 10am,5283.80
Delhi - 2024,11-Jan 11am,5175.07
Delhi - 2024,11-Jan 12pm,4898.65
Delhi - 2024,11-Jan 1pm,4434.67
Delhi - 2024,11-Jan 2pm,4280.28
Delhi - 2024,11-Jan 3pm,4198.97
Delhi - 2024,11-Jan 4pm,4139.50
Delhi - 2024,11-Jan 5pm,4288.18
Delhi - 2024,11-Jan 6pm,4523.86
Delhi - 2024,11-Jan 7pm,4444.17
Delhi - 2024,11-Jan 8pm,4272.57
Delhi - 2024,11-Jan 9pm,4102.95
Delhi - 2024,11-Jan 10pm,3773.13
Delhi - 2024,11-Jan 11pm,3191.01
Delhi - 2024,12-Jan 12am,2647.86
Delhi - 2024,12-Jan 1am,2305.45
Delhi - 2024,12-Jan 2am,2131.73
Delhi - 2024,12-Jan 3am,2070.67
Delhi - 2024,12-Jan 4am,2115.77
Delhi - 2024,12-Jan 5am,2481.05
Delhi - 2024,12-Jan 6am,3330.18
Delhi - 2024,12-Jan 7am,4241.47
Delhi - 2024,12-Jan 8am,4866.81
Delhi - 2024,12-Jan 9am,5292.24
Delhi - 2024,12-Jan 10am,5542.29
Delhi - 2024,12-Jan 11am,5507.56
Delhi - 2024,12-Jan 12pm,5263.18
Delhi - 2024,12-Jan 1pm,4663.62
Delhi - 2024,12-Jan 2pm,4372.61
Delhi - 2024,12-Jan 3pm,4158.85
Delhi - 2024,12-Jan 4pm,4033.59
Delhi - 2024,12-Jan 5pm,4203.80
Delhi - 2024,12-Jan 6pm,4423.37
Delhi - 2024,12-Jan 7pm,4347.73
Delhi - 2024,12-Jan 8pm,4165.70
Delhi - 2024,12-Jan 9pm,3943.04
Delhi - 2024,12-Jan 10pm,3635.51
Delhi - 2024,12-Jan 11pm,3057.66
Delhi - 2024,13-Jan 12am,2468.85
Delhi - 2024,13-Jan 1am,1977.98
Delhi - 2024,13-Jan 2am,1760.80
Delhi - 2024,13-Jan 3am,1682.34
Delhi - 2024,13-Jan 4am,1723.35
Delhi - 2024,13-Jan 5am,2010.96
Delhi - 2024,13-Jan 6am,2601.20
Delhi - 2024,13-Jan 7am,3552.30
Delhi - 2024,13-Jan 8am,4372.50
Delhi - 2024,13-Jan 9am,4773.32
Delhi - 2024,13-Jan 10am,5201.31
Delhi - 2024,13-Jan 11am,5161.05
Delhi - 2024,13-Jan 12pm,4949.90
Delhi - 2024,13-Jan 1pm,4462.17
Delhi - 2024,13-Jan 2pm,4260.99
Delhi - 2024,13-Jan 3pm,3999.85
Delhi - 2024,13-Jan 4pm,3880.35
Delhi - 2024,13-Jan 5pm,3938.77
Delhi - 2024,13-Jan 6pm,4218.30
Delhi - 2024,13-Jan 7pm,4108.97
Delhi - 2024,13-Jan 8pm,3889.91
Delhi - 2024,13-Jan 9pm,3705.01
Delhi - 2024,13-Jan 10pm,3424.97
Delhi - 2024,13-Jan 11pm,2938.65
Delhi - 2024,14-Jan 12am,2425.84
Delhi - 2024,14-Jan 1am,2083.54
Delhi - 2024,14-Jan 2am,1878.38
Delhi - 2024,14-Jan 3am,1786.62
Delhi - 2024,14-Jan 4am,1825.72
Delhi - 2024,14-Jan 5am,2079.72
Delhi - 2024,14-Jan 6am,2614.50
Delhi - 2024,14-Jan 7am,3335.15
Delhi - 2024,14-Jan 8am,4135.76
Delhi - 2024,14-Jan 9am,4751.31
Delhi - 2024,14-Jan 10am,5289.75
Delhi - 2024,14-Jan 11am,5303.12
Delhi - 2024,14-Jan 12pm,5048.53
Delhi - 2024,14-Jan 1pm,4466.99
Delhi - 2024,14-Jan 2pm,4047.50
Delhi - 2024,14-Jan 3pm,3715.30
Delhi - 2024,14-Jan 4pm,3582.46
Delhi - 2024,14-Jan 5pm,3730.34
Delhi - 2024,14-Jan 6pm,4042.49
Delhi - 2024,14-Jan 7pm,4025.58
Delhi - 2024,14-Jan 8pm,3929.65
Delhi - 2024,14-Jan 9pm,3818.67
Delhi - 2024,14-Jan 10pm,3442.23
Delhi - 2024,14-Jan 11pm,2875.26
Delhi - 2024,15-Jan 12am,2336.23
Delhi - 2024,15-Jan 1am,1998.87
Delhi - 2024,15-Jan 2am,1817.10
Delhi - 2024,15-Jan 3am,1737.98
Delhi - 2024,15-Jan 4am,1828.64
Delhi - 2024,15-Jan 5am,2210.62
Delhi - 2024,15-Jan 6am,3138.85
Delhi - 2024,15-Jan 7am,4363.26
Delhi - 2024,15-Jan 8am,4993.29
Delhi - 2024,15-Jan 9am,5172.54
Delhi - 2024,15-Jan 10am,5313.16
Delhi - 2024,15-Jan 11am,5131.71
Delhi - 2024,15-Jan 12pm,4746.10
Delhi - 2024,15-Jan 1pm,4236.97
Delhi - 2024,15-Jan 2pm,4074.79
Delhi - 2024,15-Jan 3pm,3984.46
Delhi - 2024,15-Jan 4pm,3913.12
Delhi - 2024,15-Jan 5pm,4120.23
Delhi - 2024,15-Jan 6pm,4370.28
Delhi - 2024,15-Jan 7pm,4316.96
Delhi - 2024,15-Jan 8pm,4170.10
Delhi - 2024,15-Jan 9pm,3948.09
Delhi - 2024,15-Jan 10pm,3613.74
Delhi - 2024,15-Jan 11pm,2994.93
Delhi - 2024,16-Jan 12am,2419.73
Delhi - 2024,16-Jan 1am,2074.83
Delhi - 2024,16-Jan 2am,1900.11
Delhi - 2024,16-Jan 3am,1821.58
Delhi - 2024,16-Jan 4am,1893.17
Delhi - 2024,16-Jan 5am,2233.62
Delhi - 2024,16-Jan 6am,3083.30
Delhi - 2024,16-Jan 7am,4294.36
Delhi - 2024,16-Jan 8am,4945.47
Delhi - 2024,16-Jan 9am,5055.38
Delhi - 2024,16-Jan 10am,5335.21
Delhi - 2024,16-Jan 11am,5185.12
Delhi - 2024,16-Jan 12pm,4861.75
Delhi - 2024,16-Jan 1pm,4338.70
Delhi - 2024,16-Jan 2pm,4231.82
Delhi - 2024,16-Jan 3pm,4198.93
Delhi - 2024,16-Jan 4pm,4129.66
Delhi - 2024,16-Jan 5pm,4334.83
Delhi - 2024,16-Jan 6pm,4584.84
Delhi - 2024,16-Jan 7pm,4547.65
Delhi - 2024,16-Jan 8pm,4368.83
Delhi - 2024,16-Jan 9pm,4165.17
Delhi - 2024,16-Jan 10pm,3721.92
Delhi - 2024,16-Jan 11pm,3030.57
Delhi - 2024,17-Jan 12am,2449.66
Delhi - 2024,17-Jan 1am,2093.10
Delhi - 2024,17-Jan 2am,1924.51
Delhi - 2024,17-Jan 3am,1846.20
Delhi - 2024,17-Jan 4am,1914.95
Delhi - 2024,17-Jan 5am,2266.38
Delhi - 2024,17-Jan 6am,3128.68
Delhi - 2024,17-Jan 7am,4360.01
Delhi - 2024,17-Jan 8am,5024.95
Delhi - 2024,17-Jan 9am,5210.02
Delhi - 2024,17-Jan 10am,5466.60
Delhi - 2024,17-Jan 11am,5303.05
Delhi - 2024,17-Jan 12pm,4905.54
Delhi - 2024,17-Jan 1pm,4398.55
Delhi - 2024,17-Jan 2pm,4270.45
Delhi - 2024,17-Jan 3pm,4115.04
Delhi - 2024,17-Jan 4pm,4108.82
Delhi - 2024,17-Jan 5pm,4253.35
Delhi - 2024,17-Jan 6pm,4457.93
Delhi - 2024,17-Jan 7pm,4477.36
Delhi - 2024,17-Jan 8pm,4268.49
Delhi - 2024,17-Jan 9pm,4071.35
Delhi - 2024,17-Jan 10pm,3736.69
Delhi - 2024,17-Jan 11pm,3103.06
Delhi - 2024,18-Jan 12am,2489.02
Delhi - 2024,18-Jan 1am,2124.06
Delhi - 2024,18-Jan 2am,1936.14
Delhi - 2024,18-Jan 3am,1853.94
Delhi - 2024,18-Jan 4am,1913.99
Delhi - 2024,18-Jan 5am,2259.84
Delhi - 2024,18-Jan 6am,3113.46
Delhi - 2024,18-Jan 7am,4343.64
Delhi - 2024,18-Jan 8am,4936.10
Delhi - 2024,18-Jan 9am,5118.37
Delhi - 2024,18-Jan 10am,5337.43
Delhi - 2024,18-Jan 11am,5172.87
Delhi - 2024,18-Jan 12pm,4794.49
Delhi - 2024,18-Jan 1pm,4323.27
Delhi - 2024,18-Jan 2pm,4233.41
Delhi - 2024,18-Jan 3pm,4187.93
Delhi - 2024,18-Jan 4pm,4139.64
Delhi - 2024,18-Jan 5pm,4295.77
Delhi - 2024,18-Jan 6pm,4522.50
Delhi - 2024,18-Jan 7pm,4501.47
Delhi - 2024,18-Jan 8pm,4285.68
Delhi - 2024,18-Jan 9pm,4063.78
Delhi - 2024,18-Jan 10pm,3700.17
Delhi - 2024,18-Jan 11pm,3068.43
Delhi - 2024,19-Jan 12am,2470.16
Delhi - 2024,19-Jan 1am,2111.50
Delhi - 2024,19-Jan 2am,1945.37
Delhi - 2024,19-Jan 3am,1851.86
Delhi - 2024,19-Jan 4am,1896.55
Delhi - 2024,19-Jan 5am,2256.91
Delhi - 2024,19-Jan 6am,3125.39
Delhi - 2024,19-Jan 7am,4361.68
Delhi - 2024,19-Jan 8am,5047.81
Delhi - 2024,19-Jan 9am,5367.42
Delhi - 2024,19-Jan 10am,5672.78
Delhi - 2024,19-Jan 11am,5571.44
Delhi - 2024,19-Jan 12pm,5318.22
Delhi - 2024,19-Jan 1pm,4884.19
Delhi - 2024,19-Jan 2pm,4670.90
Delhi - 2024,19-Jan 3pm,4533.86
Delhi - 2024,19-Jan 4pm,4422.27
Delhi - 2024,19-Jan 5pm,4532.76
Delhi - 2024,19-Jan 6pm,4702.05
Delhi - 2024,19-Jan 7pm,4655.40
Delhi - 2024,19-Jan 8pm,4416.56
Delhi - 2024,19-Jan 9pm,4198.64
Delhi - 2024,19-Jan 10pm,3879.51
Delhi - 2024,19-Jan 11pm,3301.41
Delhi - 2024,20-Jan 12am,2730.76
Delhi - 2024,20-Jan 1am,2371.58
Delhi - 2024,20-Jan 2am,2200.34
Delhi - 2024,20-Jan 3am,2126.61
Delhi - 2024,20-Jan 4am,2178.21
Delhi - 2024,20-Jan 5am,2451.86
Delhi - 2024,20-Jan 6am,3134.85
Delhi - 2024,20-Jan 7am,4050.32
Delhi - 2024,20-Jan 8am,4653.71
Delhi - 2024,20-Jan 9am,4934.51
Delhi - 2024,20-Jan 10am,5208.22
Delhi - 2024,20-Jan 11am,5091.99
Delhi - 2024,20-Jan 12pm,4703.11
Delhi - 2024,20-Jan 1pm,4256.76
Delhi - 2024,20-Jan 2pm,4042.29
Delhi - 2024,20-Jan 3pm,3910.02
Delhi - 2024,20-Jan 4pm,3861.45
Delhi - 2024,20-Jan 5pm,4004.70
Delhi - 2024,20-Jan 6pm,4289.85
Delhi - 2024,20-Jan 7pm,4232.89
Delhi - 2024,20-Jan 8pm,4035.09
Delhi - 2024,20-Jan 9pm,3900.83
Delhi - 2024,20-Jan 10pm,3567.84
Delhi - 2024,20-Jan 11pm,3016.47
Delhi - 2024,21-Jan 12am,2440.58
Delhi - 2024,21-Jan 1am,2072.94
Delhi - 2024,21-Jan 2am,1872.98
Delhi - 2024,21-Jan 3am,1779.57
Delhi - 2024,21-Jan 4am,1804.30
Delhi - 2024,21-Jan 5am,2044.72
Delhi - 2024,21-Jan 6am,2556.20
Delhi - 2024,21-Jan 7am,3280.26
Delhi - 2024,21-Jan 8am,4067.93
Delhi - 2024,21-Jan 9am,4661.88
Delhi - 2024,21-Jan 10am,5231.31
Delhi - 2024,21-Jan 11am,5398.05
Delhi - 2024,21-Jan 12pm,5190.85
Delhi - 2024,21-Jan 1pm,4664.95
Delhi - 2024,21-Jan 2pm,4239.19
Delhi - 2024,21-Jan 3pm,3896.66
Delhi - 2024,21-Jan 4pm,3694.60
Delhi - 2024,21-Jan 5pm,3810.12
Delhi - 2024,21-Jan 6pm,4189.10
Delhi - 2024,21-Jan 7pm,4209.21
Delhi - 2024,21-Jan 8pm,4085.72
Delhi - 2024,21-Jan 9pm,3942.93
Delhi - 2024,21-Jan 10pm,3593.81
Delhi - 2024,21-Jan 11pm,2991.06
Delhi - 2024,22-Jan 12am,2435.58
Delhi - 2024,22-Jan 1am,2064.19
Delhi - 2024,22-Jan 2am,1867.99
Delhi - 2024,22-Jan 3am,1781.89
Delhi - 2024,22-Jan 4am,1843.04
Delhi - 2024,22-Jan 5am,2148.69
Delhi - 2024,22-Jan 6am,2827.18
Delhi - 2024,22-Jan 7am,3840.34
Delhi - 2024,22-Jan 8am,4705.61
Delhi - 2024,22-Jan 9am,5313.21
Delhi - 2024,22-Jan 10am,5646.36
Delhi - 2024,22-Jan 11am,5618.71
Delhi - 2024,22-Jan 12pm,5197.46
Delhi - 2024,22-Jan 1pm,4609.23
Delhi - 2024,22-Jan 2pm,4329.81
Delhi - 2024,22-Jan 3pm,4126.65
Delhi - 2024,22-Jan 4pm,3989.77
Delhi - 2024,22-Jan 5pm,4081.42
Delhi - 2024,22-Jan 6pm,4289.07
Delhi - 2024,22-Jan 7pm,4161.48
Delhi - 2024,22-Jan 8pm,4058.31
Delhi - 2024,22-Jan 9pm,3949.75
Delhi - 2024,22-Jan 10pm,3572.37
Delhi - 2024,22-Jan 11pm,2948.39
Delhi - 2024,23-Jan 12am,2357.97
Delhi - 2024,23-Jan 1am,2050.37
Delhi - 2024,23-Jan 2am,1886.35
Delhi - 2024,23-Jan 3am,1810.90
Delhi - 2024,23-Jan 4am,1881.38
Delhi - 2024,23-Jan 5am,2214.75
Delhi - 2024,23-Jan 6am,3036.28
Delhi - 2024,23-Jan 7am,4209.72
Delhi - 2024,23-Jan 8am,4814.17
Delhi - 2024,23-Jan 9am,5002.12
Delhi - 2024,23-Jan 10am,5291.30
Delhi - 2024,23-Jan 11am,5123.33
Delhi - 2024,23-Jan 12pm,4748.69
Delhi - 2024,23-Jan 1pm,4276.83
Delhi - 2024,23-Jan 2pm,4239.21
Delhi - 2024,23-Jan 3pm,4213.74
Delhi - 2024,23-Jan 4pm,4169.66
Delhi - 2024,23-Jan 5pm,4274.26
Delhi - 2024,23-Jan 6pm,4487.93
Delhi - 2024,23-Jan 7pm,4469.30
Delhi - 2024,23-Jan 8pm,4249.56
Delhi - 2024,23-Jan 9pm,4051.00
Delhi - 2024,23-Jan 10pm,3693.49
Delhi - 2024,23-Jan 11pm,3033.62
Delhi - 2024,24-Jan 12am,2430.84
Delhi - 2024,24-Jan 1am,2066.52
Delhi - 2024,24-Jan 2am,1910.71
Delhi - 2024,24-Jan 3am,1828.52
Delhi - 2024,24-Jan 4am,1880.16
Delhi - 2024,24-Jan 5am,2223.89
Delhi - 2024,24-Jan 6am,3104.75
Delhi - 2024,24-Jan 7am,4350.94
Delhi - 2024,24-Jan 8am,4992.83
Delhi - 2024,24-Jan 9am,5199.55
Delhi - 2024,24-Jan 10am,5494.74
Delhi - 2024,24-Jan 11am,5404.80
Delhi - 2024,24-Jan 12pm,5047.30
Delhi - 2024,24-Jan 1pm,4540.44
Delhi - 2024,24-Jan 2pm,4404.95
Delhi - 2024,24-Jan 3pm,4172.14
Delhi - 2024,24-Jan 4pm,3918.72
Delhi - 2024,24-Jan 5pm,4095.26
Delhi - 2024,24-Jan 6pm,4516.42
Delhi - 2024,24-Jan 7pm,4471.78
Delhi - 2024,24-Jan 8pm,4282.81
Delhi - 2024,24-Jan 9pm,4052.47
Delhi - 2024,24-Jan 10pm,3727.69
Delhi - 2024,24-Jan 11pm,3082.52
Delhi - 2024,25-Jan 12am,2470.73
Delhi - 2024,25-Jan 1am,2091.50
Delhi - 2024,25-Jan 2am,1925.26
Delhi - 2024,25-Jan 3am,1851.97
Delhi - 2024,25-Jan 4am,1923.23
Delhi - 2024,25-Jan 5am,2256.84
Delhi - 2024,25-Jan 6am,3091.26
Delhi - 2024,25-Jan 7am,4279.72
Delhi - 2024,25-Jan 8am,4902.26
Delhi - 2024,25-Jan 9am,5188.04
Delhi - 2024,25-Jan 10am,5406.21
Delhi - 2024,25-Jan 11am,5212.02
Delhi - 2024,25-Jan 12pm,4926.33
Delhi - 2024,25-Jan 1pm,4423.73
Delhi - 2024,25-Jan 2pm,4256.28
Delhi - 2024,25-Jan 3pm,4181.77
Delhi - 2024,25-Jan 4pm,4166.04
Delhi - 2024,25-Jan 5pm,4243.95
Delhi - 2024,25-Jan 6pm,4484.35
Delhi - 2024,25-Jan 7pm,4424.21
Delhi - 2024,25-Jan 8pm,4190.43
Delhi - 2024,25-Jan 9pm,3967.18
Delhi - 2024,25-Jan 10pm,3636.76
Delhi - 2024,25-Jan 11pm,3045.22
Delhi - 2024,26-Jan 12am,2486.74
Delhi - 2024,26-Jan 1am,2126.07
Delhi - 2024,26-Jan 2am,1942.73
Delhi - 2024,26-Jan 3am,1852.98
Delhi - 2024,26-Jan 4am,1895.50
Delhi - 2024,26-Jan 5am,2100.05
Delhi - 2024,26-Jan 6am,2559.37
Delhi - 2024,26-Jan 7am,3247.82
Delhi - 2024,26-Jan 8am,3943.79
Delhi - 2024,26-Jan 9am,4430.75
Delhi - 2024,26-Jan 10am,4697.30
Delhi - 2024,26-Jan 11am,4711.61
Delhi - 2024,26-Jan 12pm,4518.88
Delhi - 2024,26-Jan 1pm,4081.76
Delhi - 2024,26-Jan 2pm,3532.17
Delhi - 2024,26-Jan 3pm,3130.21
Delhi - 2024,26-Jan 4pm,2965.25
Delhi - 2024,26-Jan 5pm,3096.56
Delhi - 2024,26-Jan 6pm,3438.53
Delhi - 2024,26-Jan 7pm,3460.69
Delhi - 2024,26-Jan 8pm,3443.82
Delhi - 2024,26-Jan 9pm,3395.04
Delhi - 2024,26-Jan 10pm,3062.72
Delhi - 2024,26-Jan 11pm,2548.73
Delhi - 2024,27-Jan 12am,2063.73
Delhi - 2024,27-Jan 1am,1754.71
Delhi - 2024,27-Jan 2am,1609.67
Delhi - 2024,27-Jan 3am,1550.07
Delhi - 2024,27-Jan 4am,1601.71
Delhi - 2024,27-Jan 5am,1896.90
Delhi - 2024,27-Jan 6am,2570.61
Delhi - 2024,27-Jan 7am,3511.65
Delhi - 2024,27-Jan 8am,4190.73
Delhi - 2024,27-Jan 9am,4569.69
Delhi - 2024,27-Jan 10am,4789.48
Delhi - 2024,27-Jan 11am,4657.47
Delhi - 2024,27-Jan 12pm,4318.76
Delhi - 2024,27-Jan 1pm,3808.48
Delhi - 2024,27-Jan 2pm,3616.82
Delhi - 2024,27-Jan 3pm,3483.89
Delhi - 2024,27-Jan 4pm,3463.67
Delhi - 2024,27-Jan 5pm,3598.42
Delhi - 2024,27-Jan 6pm,3884.92
Delhi - 2024,27-Jan 7pm,3866.18
Delhi - 2024,27-Jan 8pm,3668.65
Delhi - 2024,27-Jan 9pm,3481.53
Delhi - 2024,27-Jan 10pm,3194.66
Delhi - 2024,27-Jan 11pm,2703.00
Delhi - 2024,28-Jan 12am,2220.59
Delhi - 2024,28-Jan 1am,1905.65
Delhi - 2024,28-Jan 2am,1745.25
Delhi - 2024,28-Jan 3am,1658.10
Delhi - 2024,28-Jan 4am,1704.50
Delhi - 2024,28-Jan 5am,1936.05
Delhi - 2024,28-Jan 6am,2442.37
Delhi - 2024,28-Jan 7am,3176.86
Delhi - 2024,28-Jan 8am,3920.88
Delhi - 2024,28-Jan 9am,4447.63
Delhi - 2024,28-Jan 10am,4856.05
Delhi - 2024,28-Jan 11am,4903.69
Delhi - 2024,28-Jan 12pm,4737.20
Delhi - 2024,28-Jan 1pm,4246.80
Delhi - 2024,28-Jan 2pm,3982.24
Delhi - 2024,28-Jan 3pm,3735.94
Delhi - 2024,28-Jan 4pm,3565.44
Delhi - 2024,28-Jan 5pm,3668.20
Delhi - 2024,28-Jan 6pm,3938.70
Delhi - 2024,28-Jan 7pm,3912.91
Delhi - 2024,28-Jan 8pm,3763.98
Delhi - 2024,28-Jan 9pm,3581.21
Delhi - 2024,28-Jan 10pm,3244.87
Delhi - 2024,28-Jan 11pm,2711.40
Delhi - 2024,29-Jan 12am,2230.08
Delhi - 2024,29-Jan 1am,1901.69
Delhi - 2024,29-Jan 2am,1749.22
Delhi - 2024,29-Jan 3am,1681.38
Delhi - 2024,29-Jan 4am,1763.48
Delhi - 2024,29-Jan 5am,2126.57
Delhi - 2024,29-Jan 6am,2999.65
Delhi - 2024,29-Jan 7am,4179.81
Delhi - 2024,29-Jan 8am,4734.61
Delhi - 2024,29-Jan 9am,4893.42
Delhi - 2024,29-Jan 10am,5090.36
Delhi - 2024,29-Jan 11am,4933.15
Delhi - 2024,29-Jan 12pm,4585.48
Delhi - 2024,29-Jan 1pm,4051.63
Delhi - 2024,29-Jan 2pm,3932.98
Delhi - 2024,29-Jan 3pm,3839.91
Delhi - 2024,29-Jan 4pm,3758.25
Delhi - 2024,29-Jan 5pm,3888.73
Delhi - 2024,29-Jan 6pm,4111.82
Delhi - 2024,29-Jan 7pm,4071.95
Delhi - 2024,29-Jan 8pm,3835.48
Delhi - 2024,29-Jan 9pm,3607.32
Delhi - 2024,29-Jan 10pm,3310.87
Delhi - 2024,29-Jan 11pm,2755.18
Delhi - 2024,30-Jan 12am,2250.69
Delhi - 2024,30-Jan 1am,1950.80
Delhi - 2024,30-Jan 2am,1799.49
Delhi - 2024,30-Jan 3am,1738.19
Delhi - 2024,30-Jan 4am,1806.44
Delhi - 2024,30-Jan 5am,2147.94
Delhi - 2024,30-Jan 6am,3002.01
Delhi - 2024,30-Jan 7am,4181.40
Delhi - 2024,30-Jan 8am,4740.38
Delhi - 2024,30-Jan 9am,4827.67
Delhi - 2024,30-Jan 10am,5112.64
Delhi - 2024,30-Jan 11am,4970.21
Delhi - 2024,30-Jan 12pm,4661.20
Delhi - 2024,30-Jan 1pm,4185.04
Delhi - 2024,30-Jan 2pm,4067.74
Delhi - 2024,30-Jan 3pm,3999.95
Delhi - 2024,30-Jan 4pm,3871.84
Delhi - 2024,30-Jan 5pm,4033.46
Delhi - 2024,30-Jan 6pm,4250.36
Delhi - 2024,30-Jan 7pm,4180.41
Delhi - 2024,30-Jan 8pm,3958.47
Delhi - 2024,30-Jan 9pm,3676.10
Delhi - 2024,30-Jan 10pm,3321.65
Delhi - 2024,30-Jan 11pm,2786.07
Delhi - 2024,31-Jan 12am,2279.05
Delhi - 2024,31-Jan 1am,1970.71
Delhi - 2024,31-Jan 2am,1838.18
Delhi - 2024,31-Jan 3am,1900.03
Delhi - 2024,31-Jan 4am,1995.03
Delhi - 2024,31-Jan 5am,2192.93
Delhi - 2024,31-Jan 6am,3008.11
Delhi - 2024,31-Jan 7am,4158.56
Delhi - 2024,31-Jan 8am,4743.25
Delhi - 2024,31-Jan 9am,4922.02
Delhi - 2024,31-Jan 10am,5199.24
Delhi - 2024,31-Jan 11am,5111.84
Delhi - 2024,31-Jan 12pm,4883.78
Delhi - 2024,31-Jan 1pm,4449.65
Delhi - 2024,31-Jan 2pm,4259.47
Delhi - 2024,31-Jan 3pm,4152.06
Delhi - 2024,31-Jan 4pm,3894.61
Delhi - 2024,31-Jan 5pm,4086.21
Delhi - 2024,31-Jan 6pm,4285.71
Delhi - 2024,31-Jan 7pm,4241.68
Delhi - 2024,31-Jan 8pm,4010.10
Delhi - 2024,31-Jan 9pm,3705.73
Delhi - 2024,31-Jan 10pm,3370.84
Delhi - 2024,31-Jan 11pm,2804.90
Delhi - 2024,01-Feb 12am,2317.79
Delhi - 2024,01-Feb 1am,2013.60
Delhi - 2024,01-Feb 2am,1871.00
Delhi - 2024,01-Feb 3am,1783.99
Delhi - 2024,01-Feb 4am,1847.08
Delhi - 2024,01-Feb 5am,2118.87
Delhi - 2024,01-Feb 6am,2862.88
Delhi - 2024,01-Feb 7am,3859.21
Delhi - 2024,01-Feb 8am,4271.95
Delhi - 2024,01-Feb 9am,4579.08
Delhi - 2024,01-Feb 10am,4906.22
Delhi - 2024,01-Feb 11am,4890.29
Delhi - 2024,01-Feb 12pm,4714.03
Delhi - 2024,01-Feb 1pm,4329.33
Delhi - 2024,01-Feb 2pm,4188.52
Delhi - 2024,01-Feb 3pm,4028.28
Delhi - 2024,01-Feb 4pm,3847.98
Delhi - 2024,01-Feb 5pm,3909.49
Delhi - 2024,01-Feb 6pm,4107.59
Delhi - 2024,01-Feb 7pm,4091.47
Delhi - 2024,01-Feb 8pm,3833.49
Delhi - 2024,01-Feb 9pm,3584.59
Delhi - 2024,01-Feb 10pm,3207.86
Delhi - 2024,01-Feb 11pm,2698.65
Delhi - 2024,02-Feb 12am,2206.36
Delhi - 2024,02-Feb 1am,1908.22
Delhi - 2024,02-Feb 2am,1754.94
Delhi - 2024,02-Feb 3am,1699.82
Delhi - 2024,02-Feb 4am,1765.65
Delhi - 2024,02-Feb 5am,2113.53
Delhi - 2024,02-Feb 6am,2985.60
Delhi - 2024,02-Feb 7am,4205.51
Delhi - 2024,02-Feb 8am,4792.46
Delhi - 2024,02-Feb 9am,4958.64
Delhi - 2024,02-Feb 10am,5217.86
Delhi - 2024,02-Feb 11am,5152.39
Delhi - 2024,02-Feb 12pm,4862.57
Delhi - 2024,02-Feb 1pm,4327.79
Delhi - 2024,02-Feb 2pm,4121.63
Delhi - 2024,02-Feb 3pm,3902.87
Delhi - 2024,02-Feb 4pm,3752.48
Delhi - 2024,02-Feb 5pm,3854.00
Delhi - 2024,02-Feb 6pm,4105.85
Delhi - 2024,02-Feb 7pm,4079.95
Delhi - 2024,02-Feb 8pm,3847.73
Delhi - 2024,02-Feb 9pm,3568.08
Delhi - 2024,02-Feb 10pm,3262.48
Delhi - 2024,02-Feb 11pm,2752.51
Delhi - 2024,03-Feb 12am,2261.19
Delhi - 2024,03-Feb 1am,1936.99
Delhi - 2024,03-Feb 2am,1784.29
Delhi - 2024,03-Feb 3am,1702.82
Delhi - 2024,03-Feb 4am,1765.41
Delhi - 2024,03-Feb 5am,2070.03
Delhi - 2024,03-Feb 6am,2798.10
Delhi - 2024,03-Feb 7am,3761.46
Delhi - 2024,03-Feb 8am,4340.94
Delhi - 2024,03-Feb 9am,4562.02
Delhi - 2024,03-Feb 10am,4774.51
Delhi - 2024,03-Feb 11am,4573.57
Delhi - 2024,03-Feb 12pm,4228.12
Delhi - 2024,03-Feb 1pm,3778.40
Delhi - 2024,03-Feb 2pm,3655.35
Delhi - 2024,03-Feb 3pm,3549.77
Delhi - 2024,03-Feb 4pm,3497.04
Delhi - 2024,03-Feb 5pm,3574.08
Delhi - 2024,03-Feb 6pm,3769.81
Delhi - 2024,03-Feb 7pm,3717.87
Delhi - 2024,03-Feb 8pm,3478.51
Delhi - 2024,03-Feb 9pm,3269.79
Delhi - 2024,03-Feb 10pm,2979.54
Delhi - 2024,03-Feb 11pm,2511.60
Delhi - 2024,04-Feb 12am,2067.99
Delhi - 2024,04-Feb 1am,1775.41
Delhi - 2024,04-Feb 2am,1618.03
Delhi - 2024,04-Feb 3am,1558.68
Delhi - 2024,04-Feb 4am,1600.97
Delhi - 2024,04-Feb 5am,1823.84
Delhi - 2024,04-Feb 6am,2266.04
Delhi - 2024,04-Feb 7am,2957.12
Delhi - 2024,04-Feb 8am,3626.08
Delhi - 2024,04-Feb 9am,4119.16
Delhi - 2024,04-Feb 10am,4584.84
Delhi - 2024,04-Feb 11am,4749.28
Delhi - 2024,04-Feb 12pm,4551.95
Delhi - 2024,04-Feb 1pm,4042.80
Delhi - 2024,04-Feb 2pm,3786.86
Delhi - 2024,04-Feb 3pm,3416.10
Delhi - 2024,04-Feb 4pm,3269.88
Delhi - 2024,04-Feb 5pm,3367.72
Delhi - 2024,04-Feb 6pm,3587.55
Delhi - 2024,04-Feb 7pm,3554.61
Delhi - 2024,04-Feb 8pm,3395.31
Delhi - 2024,04-Feb 9pm,3182.51
Delhi - 2024,04-Feb 10pm,2857.92
Delhi - 2024,04-Feb 11pm,2409.70
Delhi - 2024,05-Feb 12am,1998.93
Delhi - 2024,05-Feb 1am,1717.70
Delhi - 2024,05-Feb 2am,1575.70
Delhi - 2024,05-Feb 3am,1538.64
Delhi - 2024,05-Feb 4am,1597.09
Delhi - 2024,05-Feb 5am,1949.30
Delhi - 2024,05-Feb 6am,2797.93
Delhi - 2024,05-Feb 7am,3902.86
Delhi - 2024,05-Feb 8am,4346.71
Delhi - 2024,05-Feb 9am,4501.94
Delhi - 2024,05-Feb 10am,4683.84
Delhi - 2024,05-Feb 11am,4583.40
Delhi - 2024,05-Feb 12pm,4258.57
Delhi - 2024,05-Feb 1pm,3700.11
Delhi - 2024,05-Feb 2pm,3593.86
Delhi - 2024,05-Feb 3pm,3481.44
Delhi - 2024,05-Feb 4pm,3370.81
Delhi - 2024,05-Feb 5pm,3519.54
Delhi - 2024,05-Feb 6pm,3782.45
Delhi - 2024,05-Feb 7pm,3765.92
Delhi - 2024,05-Feb 8pm,3534.32
Delhi - 2024,05-Feb 9pm,3356.57
Delhi - 2024,05-Feb 10pm,3029.91
Delhi - 2024,05-Feb 11pm,2532.08
Delhi - 2024,06-Feb 12am,2101.30
Delhi - 2024,06-Feb 1am,1815.04
Delhi - 2024,06-Feb 2am,1684.30
Delhi - 2024,06-Feb 3am,1630.44
Delhi - 2024,06-Feb 4am,1707.62
Delhi - 2024,06-Feb 5am,2108.92
Delhi - 2024,06-Feb 6am,3091.37
Delhi - 2024,06-Feb 7am,4029.04
Delhi - 2024,06-Feb 8am,4393.45
Delhi - 2024,06-Feb 9am,4545.20
Delhi - 2024,06-Feb 10am,4235.87
Delhi - 2024,06-Feb 11am,4247.83
Delhi - 2024,06-Feb 12pm,4149.42
Delhi - 2024,06-Feb 1pm,3690.62
Delhi - 2024,06-Feb 2pm,3578.35
Delhi - 2024,06-Feb 3pm,3495.18
Delhi - 2024,06-Feb 4pm,3447.95
Delhi - 2024,06-Feb 5pm,3591.89
Delhi - 2024,06-Feb 6pm,3857.70
Delhi - 2024,06-Feb 7pm,3860.25
Delhi - 2024,06-Feb 8pm,3602.30
Delhi - 2024,06-Feb 9pm,3334.99
Delhi - 2024,06-Feb 10pm,3014.94
Delhi - 2024,06-Feb 11pm,2514.13
Delhi - 2024,07-Feb 12am,2085.56
Delhi - 2024,07-Feb 1am,1823.05
Delhi - 2024,07-Feb 2am,1690.72
Delhi - 2024,07-Feb 3am,1631.99
Delhi - 2024,07-Feb 4am,1703.71
Delhi - 2024,07-Feb 5am,2126.70
Delhi - 2024,07-Feb 6am,3180.03
Delhi - 2024,07-Feb 7am,4063.13
Delhi - 2024,07-Feb 8am,4377.90
Delhi - 2024,07-Feb 9am,4528.80
Delhi - 2024,07-Feb 10am,4622.56
Delhi - 2024,07-Feb 11am,4444.84
Delhi - 2024,07-Feb 12pm,4111.43
Delhi - 2024,07-Feb 1pm,3701.49
Delhi - 2024,07-Feb 2pm,3651.49
Delhi - 2024,07-Feb 3pm,3758.99
Delhi - 2024,07-Feb 4pm,3633.75
Delhi - 2024,07-Feb 5pm,3711.27
Delhi - 2024,07-Feb 6pm,3940.92
Delhi - 2024,07-Feb 7pm,3937.83
Delhi - 2024,07-Feb 8pm,3677.54
Delhi - 2024,07-Feb 9pm,3428.97
Delhi - 2024,07-Feb 10pm,3074.92
Delhi - 2024,07-Feb 11pm,2558.12
Delhi - 2024,08-Feb 12am,2126.56
Delhi - 2024,08-Feb 1am,1838.67
Delhi - 2024,08-Feb 2am,1698.42
Delhi - 2024,08-Feb 3am,1635.42
Delhi - 2024,08-Feb 4am,1722.43
Delhi - 2024,08-Feb 5am,2145.72
Delhi - 2024,08-Feb 6am,3153.35
Delhi - 2024,08-Feb 7am,4061.83
Delhi - 2024,08-Feb 8am,4336.01
Delhi - 2024,08-Feb 9am,4470.31
Delhi - 2024,08-Feb 10am,4546.25
Delhi - 2024,08-Feb 11am,4435.01
Delhi - 2024,08-Feb 12pm,4154.83
Delhi - 2024,08-Feb 1pm,3683.43
Delhi - 2024,08-Feb 2pm,3598.55
Delhi - 2024,08-Feb 3pm,3465.25
Delhi - 2024,08-Feb 4pm,3446.98
Delhi - 2024,08-Feb 5pm,3591.84
Delhi - 2024,08-Feb 6pm,3825.67
Delhi - 2024,08-Feb 7pm,3881.79
Delhi - 2024,08-Feb 8pm,3618.62
Delhi - 2024,08-Feb 9pm,3368.28
Delhi - 2024,08-Feb 10pm,3005.57
Delhi - 2024,08-Feb 11pm,2524.80
Delhi - 2024,09-Feb 12am,2102.76
Delhi - 2024,09-Feb 1am,1823.50
Delhi - 2024,09-Feb 2am,1696.43
Delhi - 2024,09-Feb 3am,1637.73
Delhi - 2024,09-Feb 4am,1734.92
Delhi - 2024,09-Feb 5am,2188.81
Delhi - 2024,09-Feb 6am,3248.28
Delhi - 2024,09-Feb 7am,4203.83
Delhi - 2024,09-Feb 8am,4479.23
Delhi - 2024,09-Feb 9am,4595.46
Delhi - 2024,09-Feb 10am,4714.74
Delhi - 2024,09-Feb 11am,4588.00
Delhi - 2024,09-Feb 12pm,4295.78
Delhi - 2024,09-Feb 1pm,3773.49
Delhi - 2024,09-Feb 2pm,3635.75
Delhi - 2024,09-Feb 3pm,3466.88
Delhi - 2024,09-Feb 4pm,3398.89
Delhi - 2024,09-Feb 5pm,3509.87
Delhi - 2024,09-Feb 6pm,3767.02
Delhi - 2024,09-Feb 7pm,3804.91
Delhi - 2024,09-Feb 8pm,3509.59
Delhi - 2024,09-Feb 9pm,3232.50
Delhi - 2024,09-Feb 10pm,2930.93
Delhi - 2024,09-Feb 11pm,2486.70
Delhi - 2024,10-Feb 12am,2071.54
Delhi - 2024,10-Feb 1am,1821.87
Delhi - 2024,10-Feb 2am,1678.54
Delhi - 2024,10-Feb 3am,1629.89
Delhi - 2024,10-Feb 4am,1677.86
Delhi - 2024,10-Feb 5am,1989.48
Delhi - 2024,10-Feb 6am,2638.78
Delhi - 2024,10-Feb 7am,3489.56
Delhi - 2024,10-Feb 8am,4013.65
Delhi - 2024,10-Feb 9am,4265.75
Delhi - 2024,10-Feb 10am,4465.83
Delhi - 2024,10-Feb 11am,4246.24
Delhi - 2024,10-Feb 12pm,3976.74
Delhi - 2024,10-Feb 1pm,3501.74
Delhi - 2024,10-Feb 2pm,3351.42
Delhi - 2024,10-Feb 3pm,3201.38
Delhi - 2024,10-Feb 4pm,3116.05
Delhi - 2024,10-Feb 5pm,3273.75
Delhi - 2024,10-Feb 6pm,3509.01
Delhi - 2024,10-Feb 7pm,3493.60
Delhi - 2024,10-Feb 8pm,3268.52
Delhi - 2024,10-Feb 9pm,3037.12
Delhi - 2024,10-Feb 10pm,2746.65
Delhi - 2024,10-Feb 11pm,2335.63
Delhi - 2024,11-Feb 12am,1954.46
Delhi - 2024,11-Feb 1am,1711.07
Delhi - 2024,11-Feb 2am,1576.35
Delhi - 2024,11-Feb 3am,1511.57
Delhi - 2024,11-Feb 4am,1559.63
Delhi - 2024,11-Feb 5am,1802.01
Delhi - 2024,11-Feb 6am,2315.46
Delhi - 2024,11-Feb 7am,3045.87
Delhi - 2024,11-Feb 8am,3659.11
Delhi - 2024,11-Feb 9am,4080.66
Delhi - 2024,11-Feb 10am,4406.46
Delhi - 2024,11-Feb 11am,4333.98
Delhi - 2024,11-Feb 12pm,4096.50
Delhi - 2024,11-Feb 1pm,3558.96
Delhi - 2024,11-Feb 2pm,3279.35
Delhi - 2024,11-Feb 3pm,3039.30
Delhi - 2024,11-Feb 4pm,2922.93
Delhi - 2024,11-Feb 5pm,3047.62
Delhi - 2024,11-Feb 6pm,3293.27
Delhi - 2024,11-Feb 7pm,3321.32
Delhi - 2024,11-Feb 8pm,3147.82
Delhi - 2024,11-Feb 9pm,2926.32
Delhi - 2024,11-Feb 10pm,2625.80
Delhi - 2024,11-Feb 11pm,2224.79
Delhi - 2024,12-Feb 12am,1882.38
Delhi - 2024,12-Feb 1am,1649.20
Delhi - 2024,12-Feb 2am,1532.05
Delhi - 2024,12-Feb 3am,1498.77
Delhi - 2024,12-Feb 4am,1600.43
Delhi - 2024,12-Feb 5am,2013.70
Delhi - 2024,12-Feb 6am,3005.92
Delhi - 2024,12-Feb 7am,3865.01
Delhi - 2024,12-Feb 8am,4105.19
Delhi - 2024,12-Feb 9am,4250.28
Delhi - 2024,12-Feb 10am,4375.20
Delhi - 2024,12-Feb 11am,4179.43
Delhi - 2024,12-Feb 12pm,3947.99
Delhi - 2024,12-Feb 1pm,3552.41
Delhi - 2024,12-Feb 2pm,3490.04
Delhi - 2024,12-Feb 3pm,3377.41
Delhi - 2024,12-Feb 4pm,3323.96
Delhi - 2024,12-Feb 5pm,3463.58
Delhi - 2024,12-Feb 6pm,3665.79
Delhi - 2024,12-Feb 7pm,3595.36
Delhi - 2024,12-Feb 8pm,3337.12
Delhi - 2024,12-Feb 9pm,3069.20
Delhi - 2024,12-Feb 10pm,2740.31
Delhi - 2024,12-Feb 11pm,2317.24
Delhi - 2024,13-Feb 12am,1941.73
Delhi - 2024,13-Feb 1am,1713.81
Delhi - 2024,13-Feb 2am,1610.93
Delhi - 2024,13-Feb 3am,1555.86
Delhi - 2024,13-Feb 4am,1642.39
Delhi - 2024,13-Feb 5am,2050.74
Delhi - 2024,13-Feb 6am,3007.12
Delhi - 2024,13-Feb 7am,3820.04
Delhi - 2024,13-Feb 8am,4075.50
Delhi - 2024,13-Feb 9am,4246.65
Delhi - 2024,13-Feb 10am,4373.88
Delhi - 2024,13-Feb 11am,4270.55
Delhi - 2024,13-Feb 12pm,3888.14
Delhi - 2024,13-Feb 1pm,3551.14
Delhi - 2024,13-Feb 2pm,3471.19
Delhi - 2024,13-Feb 3pm,3394.04
Delhi - 2024,13-Feb 4pm,3295.81
Delhi - 2024,13-Feb 5pm,3417.65
Delhi - 2024,13-Feb 6pm,3597.35
Delhi - 2024,13-Feb 7pm,3583.30
Delhi - 2024,13-Feb 8pm,3345.61
Delhi - 2024,13-Feb 9pm,3021.59
Delhi - 2024,13-Feb 10pm,2681.94
Delhi - 2024,13-Feb 11pm,2288.84
Delhi - 2024,14-Feb 12am,1914.33
Delhi - 2024,14-Feb 1am,1703.89
Delhi - 2024,14-Feb 2am,1583.64
Delhi - 2024,14-Feb 3am,1547.69
Delhi - 2024,14-Feb 4am,1632.94
Delhi - 2024,14-Feb 5am,2050.18
Delhi - 2024,14-Feb 6am,3025.56
Delhi - 2024,14-Feb 7am,3890.52
Delhi - 2024,14-Feb 8am,4194.85
Delhi - 2024,14-Feb 9am,4359.27
Delhi - 2024,14-Feb 10am,4499.98
Delhi - 2024,14-Feb 11am,4297.82
Delhi - 2024,14-Feb 12pm,4000.29
Delhi - 2024,14-Feb 1pm,3534.10
Delhi - 2024,14-Feb 2pm,3434.29
Delhi - 2024,14-Feb 3pm,3306.51
Delhi - 2024,14-Feb 4pm,3243.71
Delhi - 2024,14-Feb 5pm,3362.27
Delhi - 2024,14-Feb 6pm,3562.31
Delhi - 2024,14-Feb 7pm,3536.40
Delhi - 2024,14-Feb 8pm,3238.02
Delhi - 2024,14-Feb 9pm,2936.32
Delhi - 2024,14-Feb 10pm,2646.40
Delhi - 2024,14-Feb 11pm,2282.97
Delhi - 2024,15-Feb 12am,1959.97
Delhi - 2024,15-Feb 1am,1719.57
Delhi - 2024,15-Feb 2am,1603.31
Delhi - 2024,15-Feb 3am,1557.32
Delhi - 2024,15-Feb 4am,1623.83
Delhi - 2024,15-Feb 5am,2008.25
Delhi - 2024,15-Feb 6am,2863.65
Delhi - 2024,15-Feb 7am,3651.78
Delhi - 2024,15-Feb 8am,3890.53
Delhi - 2024,15-Feb 9am,4028.37
Delhi - 2024,15-Feb 10am,4187.02
Delhi - 2024,15-Feb 11am,4019.98
Delhi - 2024,15-Feb 12pm,3763.51
Delhi - 2024,15-Feb 1pm,3457.73
Delhi - 2024,15-Feb 2pm,3289.95
Delhi - 2024,15-Feb 3pm,3200.89
Delhi - 2024,15-Feb 4pm,3167.96
Delhi - 2024,15-Feb 5pm,3297.81
Delhi - 2024,15-Feb 6pm,3515.37
Delhi - 2024,15-Feb 7pm,3502.89
Delhi - 2024,15-Feb 8pm,3221.06
Delhi - 2024,15-Feb 9pm,2915.53
Delhi - 2024,15-Feb 10pm,2606.65
Delhi - 2024,15-Feb 11pm,2229.65
Delhi - 2024,16-Feb 12am,1894.40
Delhi - 2024,16-Feb 1am,1686.05
Delhi - 2024,16-Feb 2am,1577.12
Delhi - 2024,16-Feb 3am,1536.74
Delhi - 2024,16-Feb 4am,1605.43
Delhi - 2024,16-Feb 5am,2005.88
Delhi - 2024,16-Feb 6am,2921.71
Delhi - 2024,16-Feb 7am,3787.54
Delhi - 2024,16-Feb 8am,4096.91
Delhi - 2024,16-Feb 9am,4219.81
Delhi - 2024,16-Feb 10am,4393.49
Delhi - 2024,16-Feb 11am,4254.92
Delhi - 2024,16-Feb 12pm,3979.87
Delhi - 2024,16-Feb 1pm,3486.35
Delhi - 2024,16-Feb 2pm,3343.45
Delhi - 2024,16-Feb 3pm,3214.30
Delhi - 2024,16-Feb 4pm,3150.37
Delhi - 2024,16-Feb 5pm,3263.82
Delhi - 2024,16-Feb 6pm,3463.62
Delhi - 2024,16-Feb 7pm,3470.11
Delhi - 2024,16-Feb 8pm,3191.67
Delhi - 2024,16-Feb 9pm,2887.01
Delhi - 2024,16-Feb 10pm,2596.30
Delhi - 2024,16-Feb 11pm,2271.13
Delhi - 2024,17-Feb 12am,1909.74
Delhi - 2024,17-Feb 1am,1695.17
Delhi - 2024,17-Feb 2am,1585.07
Delhi - 2024,17-Feb 3am,1541.81
Delhi - 2024,17-Feb 4am,1616.92
Delhi - 2024,17-Feb 5am,1936.23
Delhi - 2024,17-Feb 6am,2658.50
Delhi - 2024,17-Feb 7am,3396.21
Delhi - 2024,17-Feb 8am,3719.27
Delhi - 2024,17-Feb 9am,3841.44
Delhi - 2024,17-Feb 10am,4004.85
Delhi - 2024,17-Feb 11am,3834.05
Delhi - 2024,17-Feb 12pm,3565.43
Delhi - 2024,17-Feb 1pm,3150.62
Delhi - 2024,17-Feb 2pm,3033.32
Delhi - 2024,17-Feb 3pm,2969.75
Delhi - 2024,17-Feb 4pm,2886.90
Delhi - 2024,17-Feb 5pm,3029.08
Delhi - 2024,17-Feb 6pm,3252.82
Delhi - 2024,17-Feb 7pm,3260.64
Delhi - 2024,17-Feb 8pm,2991.70
Delhi - 2024,17-Feb 9pm,2724.49
Delhi - 2024,17-Feb 10pm,2469.81
Delhi - 2024,17-Feb 11pm,2123.40
Delhi - 2024,18-Feb 12am,1816.80
Delhi - 2024,18-Feb 1am,1619.08
Delhi - 2024,18-Feb 2am,1515.79
Delhi - 2024,18-Feb 3am,1466.49
Delhi - 2024,18-Feb 4am,1504.28
Delhi - 2024,18-Feb 5am,1742.61
Delhi - 2024,18-Feb 6am,2218.60
Delhi - 2024,18-Feb 7am,2887.14
Delhi - 2024,18-Feb 8am,3402.12
Delhi - 2024,18-Feb 9am,3734.66
Delhi - 2024,18-Feb 10am,3963.84
Delhi - 2024,18-Feb 11am,3957.21
Delhi - 2024,18-Feb 12pm,3734.97
Delhi - 2024,18-Feb 1pm,3273.96
Delhi - 2024,18-Feb 2pm,3051.79
Delhi - 2024,18-Feb 3pm,2877.79
Delhi - 2024,18-Feb 4pm,2793.10
Delhi - 2024,18-Feb 5pm,2881.56
Delhi - 2024,18-Feb 6pm,3085.72
Delhi - 2024,18-Feb 7pm,3108.71
Delhi - 2024,18-Feb 8pm,2892.55
Delhi - 2024,18-Feb 9pm,2658.01
Delhi - 2024,18-Feb 10pm,2372.75
Delhi - 2024,18-Feb 11pm,2076.20
Delhi - 2024,19-Feb 12am,1809.56
Delhi - 2024,19-Feb 1am,1624.60
Delhi - 2024,19-Feb 2am,1523.52
Delhi - 2024,19-Feb 3am,1490.36
Delhi - 2024,19-Feb 4am,1561.14
Delhi - 2024,19-Feb 5am,1941.44
Delhi - 2024,19-Feb 6am,2796.09
Delhi - 2024,19-Feb 7am,3557.78
Delhi - 2024,19-Feb 8am,3754.39
Delhi - 2024,19-Feb 9am,3846.44
Delhi - 2024,19-Feb 10am,4017.65
Delhi - 2024,19-Feb 11am,3878.08
Delhi - 2024,19-Feb 12pm,3602.09
Delhi - 2024,19-Feb 1pm,3228.64
Delhi - 2024,19-Feb 2pm,3199.20
Delhi - 2024,19-Feb 3pm,3155.82
Delhi - 2024,19-Feb 4pm,3115.73
Delhi - 2024,19-Feb 5pm,3209.97
Delhi - 2024,19-Feb 6pm,3411.92
Delhi - 2024,19-Feb 7pm,3390.21
Delhi - 2024,19-Feb 8pm,3130.04
Delhi - 2024,19-Feb 9pm,2839.87
Delhi - 2024,19-Feb 10pm,2584.88
Delhi - 2024,19-Feb 11pm,2288.20
Delhi - 2024,20-Feb 12am,2018.78
Delhi - 2024,20-Feb 1am,1836.82
Delhi - 2024,20-Feb 2am,1751.50
Delhi - 2024,20-Feb 3am,1728.25
Delhi - 2024,20-Feb 4am,1801.41
Delhi - 2024,20-Feb 5am,2129.59
Delhi - 2024,20-Feb 6am,2864.78
Delhi - 2024,20-Feb 7am,3522.32
Delhi - 2024,20-Feb 8am,3783.14
Delhi - 2024,20-Feb 9am,3856.89
Delhi - 2024,20-Feb 10am,3951.31
Delhi - 2024,20-Feb 11am,3894.60
Delhi - 2024,20-Feb 12pm,3693.11
Delhi - 2024,20-Feb 1pm,3320.79
Delhi - 2024,20-Feb 2pm,3272.94
Delhi - 2024,20-Feb 3pm,3218.10
Delhi - 2024,20-Feb 4pm,3192.10
Delhi - 2024,20-Feb 5pm,3245.87
Delhi - 2024,20-Feb 6pm,3432.26
Delhi - 2024,20-Feb 7pm,3404.04
Delhi - 2024,20-Feb 8pm,3166.04
Delhi - 2024,20-Feb 9pm,2869.99
Delhi - 2024,20-Feb 10pm,2591.47
Delhi - 2024,20-Feb 11pm,2300.84
Delhi - 2024,21-Feb 12am,2024.80
Delhi - 2024,21-Feb 1am,1862.14
Delhi - 2024,21-Feb 2am,1783.22
Delhi - 2024,21-Feb 3am,1744.77
Delhi - 2024,21-Feb 4am,1824.94
Delhi - 2024,21-Feb 5am,2155.20
Delhi - 2024,21-Feb 6am,2922.27
Delhi - 2024,21-Feb 7am,3634.40
Delhi - 2024,21-Feb 8am,3890.20
Delhi - 2024,21-Feb 9am,3942.68
Delhi - 2024,21-Feb 10am,4054.32
Delhi - 2024,21-Feb 11am,3957.47
Delhi - 2024,21-Feb 12pm,3735.57
Delhi - 2024,21-Feb 1pm,3324.44
Delhi - 2024,21-Feb 2pm,3257.93
Delhi - 2024,21-Feb 3pm,3194.70
Delhi - 2024,21-Feb 4pm,3151.32
Delhi - 2024,21-Feb 5pm,3285.78
Delhi - 2024,21-Feb 6pm,3456.02
Delhi - 2024,21-Feb 7pm,3434.16
Delhi - 2024,21-Feb 8pm,3168.91
Delhi - 2024,21-Feb 9pm,2886.64
Delhi - 2024,21-Feb 10pm,2620.40
Delhi - 2024,21-Feb 11pm,2313.90
Delhi - 2024,22-Feb 12am,2045.29
Delhi - 2024,22-Feb 1am,1874.56
Delhi - 2024,22-Feb 2am,1780.38
Delhi - 2024,22-Feb 3am,1745.64
Delhi - 2024,22-Feb 4am,1806.39
Delhi - 2024,22-Feb 5am,2131.94
Delhi - 2024,22-Feb 6am,2870.26
Delhi - 2024,22-Feb 7am,3577.60
Delhi - 2024,22-Feb 8am,3747.73
Delhi - 2024,22-Feb 9am,3808.56
Delhi - 2024,22-Feb 10am,3906.05
Delhi - 2024,22-Feb 11am,3770.38
Delhi - 2024,22-Feb 12pm,3581.90
Delhi - 2024,22-Feb 1pm,3255.29
Delhi - 2024,22-Feb 2pm,3192.74
Delhi - 2024,22-Feb 3pm,3165.29
Delhi - 2024,22-Feb 4pm,3148.71
Delhi - 2024,22-Feb 5pm,3262.23
Delhi - 2024,22-Feb 6pm,3428.64
Delhi - 2024,22-Feb 7pm,3434.34
Delhi - 2024,22-Feb 8pm,3169.04
Delhi - 2024,22-Feb 9pm,2882.38
Delhi - 2024,22-Feb 10pm,2610.19
Delhi - 2024,22-Feb 11pm,2316.15
Delhi - 2024,23-Feb 12am,2049.86
Delhi - 2024,23-Feb 1am,1878.93
Delhi - 2024,23-Feb 2am,1786.16
Delhi - 2024,23-Feb 3am,1746.59
Delhi - 2024,23-Feb 4am,1821.13
Delhi - 2024,23-Feb 5am,2178.63
Delhi - 2024,23-Feb 6am,3003.86
Delhi - 2024,23-Feb 7am,3701.39
Delhi - 2024,23-Feb 8am,3925.47
Delhi - 2024,23-Feb 9am,4020.82
Delhi - 2024,23-Feb 10am,4139.43
Delhi - 2024,23-Feb 11am,3967.29
Delhi - 2024,23-Feb 12pm,3822.39
Delhi - 2024,23-Feb 1pm,3400.04
Delhi - 2024,23-Feb 2pm,3247.73
Delhi - 2024,23-Feb 3pm,3195.35
Delhi - 2024,23-Feb 4pm,3157.36
Delhi - 2024,23-Feb 5pm,3268.84
Delhi - 2024,23-Feb 6pm,3437.57
Delhi - 2024,23-Feb 7pm,3420.91
Delhi - 2024,23-Feb 8pm,3146.75
Delhi - 2024,23-Feb 9pm,2885.48
Delhi - 2024,23-Feb 10pm,2642.62
Delhi - 2024,23-Feb 11pm,2334.74
Delhi - 2024,24-Feb 12am,2064.16
Delhi - 2024,24-Feb 1am,1893.09
Delhi - 2024,24-Feb 2am,1792.57
Delhi - 2024,24-Feb 3am,1755.29
Delhi - 2024,24-Feb 4am,1821.30
Delhi - 2024,24-Feb 5am,2100.00
Delhi - 2024,24-Feb 6am,2693.74
Delhi - 2024,24-Feb 7am,3315.96
Delhi - 2024,24-Feb 8am,3607.46
Delhi - 2024,24-Feb 9am,3726.30
Delhi - 2024,24-Feb 10am,3863.52
Delhi - 2024,24-Feb 11am,3701.41
Delhi - 2024,24-Feb 12pm,3537.44
Delhi - 2024,24-Feb 1pm,3188.15
Delhi - 2024,24-Feb 2pm,3050.96
Delhi - 2024,24-Feb 3pm,2985.51
Delhi - 2024,24-Feb 4pm,2939.11
Delhi - 2024,24-Feb 5pm,3048.34
Delhi - 2024,24-Feb 6pm,3224.62
Delhi - 2024,24-Feb 7pm,3218.82
Delhi - 2024,24-Feb 8pm,2994.65
Delhi - 2024,24-Feb 9pm,2758.39
Delhi - 2024,24-Feb 10pm,2519.84
Delhi - 2024,24-Feb 11pm,2242.71
Delhi - 2024,25-Feb 12am,1996.08
Delhi - 2024,25-Feb 1am,1829.55
Delhi - 2024,25-Feb 2am,1741.56
Delhi - 2024,25-Feb 3am,1698.51
Delhi - 2024,25-Feb 4am,1755.94
Delhi - 2024,25-Feb 5am,1952.45
Delhi - 2024,25-Feb 6am,2372.43
Delhi - 2024,25-Feb 7am,2992.38
Delhi - 2024,25-Feb 8am,3407.18
Delhi - 2024,25-Feb 9am,3710.06
Delhi - 2024,25-Feb 10am,3943.31
Delhi - 2024,25-Feb 11am,3930.60
Delhi - 2024,25-Feb 12pm,3741.67
Delhi - 2024,25-Feb 1pm,3442.63
Delhi - 2024,25-Feb 2pm,3221.03
Delhi - 2024,25-Feb 3pm,3044.36
Delhi - 2024,25-Feb 4pm,2932.95
Delhi - 2024,25-Feb 5pm,3034.92
Delhi - 2024,25-Feb 6pm,3215.40
Delhi - 2024,25-Feb 7pm,3172.28
Delhi - 2024,25-Feb 8pm,2961.31
Delhi - 2024,25-Feb 9pm,2766.38
Delhi - 2024,25-Feb 10pm,2502.36
Delhi - 2024,25-Feb 11pm,2203.37
Delhi - 2024,26-Feb 12am,1949.92
Delhi - 2024,26-Feb 1am,1802.41
Delhi - 2024,26-Feb 2am,1720.53
Delhi - 2024,26-Feb 3am,1701.62
Delhi - 2024,26-Feb 4am,1772.60
Delhi - 2024,26-Feb 5am,2124.64
Delhi - 2024,26-Feb 6am,2825.56
Delhi - 2024,26-Feb 7am,3494.46
Delhi - 2024,26-Feb 8am,3689.43
Delhi - 2024,26-Feb 9am,3790.26
Delhi - 2024,26-Feb 10am,3896.43
Delhi - 2024,26-Feb 11am,3768.46
Delhi - 2024,26-Feb 12pm,3620.33
Delhi - 2024,26-Feb 1pm,3262.92
Delhi - 2024,26-Feb 2pm,3202.62
Delhi - 2024,26-Feb 3pm,3115.16
Delhi - 2024,26-Feb 4pm,3045.88
Delhi - 2024,26-Feb 5pm,3182.42
Delhi - 2024,26-Feb 6pm,3334.39
Delhi - 2024,26-Feb 7pm,3366.46
Delhi - 2024,26-Feb 8pm,3099.71
Delhi - 2024,26-Feb 9pm,2845.68
Delhi - 2024,26-Feb 10pm,2568.52
Delhi - 2024,26-Feb 11pm,2287.94
Delhi - 2024,27-Feb 12am,2020.00
Delhi - 2024,27-Feb 1am,1848.93
Delhi - 2024,27-Feb 2am,1777.20
Delhi - 2024,27-Feb 3am,1765.26
Delhi - 2024,27-Feb 4am,1817.11
Delhi - 2024,27-Feb 5am,2158.30
Delhi - 2024,27-Feb 6am,2855.14
Delhi - 2024,27-Feb 7am,3504.15
Delhi - 2024,27-Feb 8am,3794.54
Delhi - 2024,27-Feb 9am,3877.22
Delhi - 2024,27-Feb 10am,3925.42
Delhi - 2024,27-Feb 11am,3820.26
Delhi - 2024,27-Feb 12pm,3609.61
Delhi - 2024,27-Feb 1pm,3241.97
Delhi - 2024,27-Feb 2pm,3202.57
Delhi - 2024,27-Feb 3pm,3094.45
Delhi - 2024,27-Feb 4pm,3074.81
Delhi - 2024,27-Feb 5pm,3205.42
Delhi - 2024,27-Feb 6pm,3411.92
Delhi - 2024,27-Feb 7pm,3402.70
Delhi - 2024,27-Feb 8pm,3139.35
Delhi - 2024,27-Feb 9pm,2877.46
Delhi - 2024,27-Feb 10pm,2608.54
Delhi - 2024,27-Feb 11pm,2297.91
Delhi - 2024,28-Feb 12am,2030.51
Delhi - 2024,28-Feb 1am,1861.76
Delhi - 2024,28-Feb 2am,1781.46
Delhi - 2024,28-Feb 3am,1740.75
Delhi - 2024,28-Feb 4am,1804.02
Delhi - 2024,28-Feb 5am,2141.43
Delhi - 2024,28-Feb 6am,2922.65
Delhi - 2024,28-Feb 7am,3640.64
Delhi - 2024,28-Feb 8am,3827.33
Delhi - 2024,28-Feb 9am,3926.43
Delhi - 2024,28-Feb 10am,4015.92
Delhi - 2024,28-Feb 11am,3910.55
Delhi - 2024,28-Feb 12pm,3718.97
Delhi - 2024,28-Feb 1pm,3344.98
Delhi - 2024,28-Feb 2pm,3247.31
Delhi - 2024,28-Feb 3pm,3179.20
Delhi - 2024,28-Feb 4pm,3164.62
Delhi - 2024,28-Feb 5pm,3261.30
Delhi - 2024,28-Feb 6pm,3427.94
Delhi - 2024,28-Feb 7pm,3452.45
Delhi - 2024,28-Feb 8pm,3158.78
Delhi - 2024,28-Feb 9pm,2889.87
Delhi - 2024,28-Feb 10pm,2625.02
Delhi - 2024,28-Feb 11pm,2321.10
Delhi - 2024,29-Feb 12am,2065.03
Delhi - 2024,29-Feb 1am,1892.44
Delhi - 2024,29-Feb 2am,1784.96
Delhi - 2024,29-Feb 3am,1747.19
Delhi - 2024,29-Feb 4am,1825.69
Delhi - 2024,29-Feb 5am,2127.23
Delhi - 2024,29-Feb 6am,2823.89
Delhi - 2024,29-Feb 7am,3571.38
Delhi - 2024,29-Feb 8am,3775.65
Delhi - 2024,29-Feb 9am,3892.52
Delhi - 2024,29-Feb 10am,3945.57
Delhi - 2024,29-Feb 11am,3839.79
Delhi - 2024,29-Feb 12pm,3643.29
Delhi - 2024,29-Feb 1pm,3301.20
Delhi - 2024,29-Feb 2pm,3208.43
Delhi - 2024,29-Feb 3pm,3161.33
Delhi - 2024,29-Feb 4pm,3168.21
Delhi - 2024,29-Feb 5pm,3293.52
Delhi - 2024,29-Feb 6pm,3424.99
Delhi - 2024,29-Feb 7pm,3417.09
Delhi - 2024,29-Feb 8pm,3138.73
Delhi - 2024,29-Feb 9pm,2878.50
Delhi - 2024,29-Feb 10pm,2639.61
Delhi - 2024,29-Feb 11pm,2332.68
Delhi - 2024,01-Mar 12am,2066.64
Delhi - 2024,01-Mar 1am,1888.33
Delhi - 2024,01-Mar 2am,1815.58
Delhi - 2024,01-Mar 3am,1784.53
Delhi - 2024,01-Mar 4am,1847.32
Delhi - 2024,01-Mar 5am,2180.67
Delhi - 2024,01-Mar 6am,2931.85
Delhi - 2024,01-Mar 7am,3608.27
Delhi - 2024,01-Mar 8am,3782.23
Delhi - 2024,01-Mar 9am,3927.23
Delhi - 2024,01-Mar 10am,4084.91
Delhi - 2024,01-Mar 11am,3983.45
Delhi - 2024,01-Mar 12pm,3824.64
Delhi - 2024,01-Mar 1pm,3465.31
Delhi - 2024,01-Mar 2pm,3291.37
Delhi - 2024,01-Mar 3pm,3217.17
Delhi - 2024,01-Mar 4pm,3186.26
Delhi - 2024,01-Mar 5pm,3283.97
Delhi - 2024,01-Mar 6pm,3456.30
Delhi - 2024,01-Mar 7pm,3401.33
Delhi - 2024,01-Mar 8pm,3146.42
Delhi - 2024,01-Mar 9pm,2857.33
Delhi - 2024,01-Mar 10pm,2579.42
Delhi - 2024,01-Mar 11pm,2311.05
Delhi - 2024,02-Mar 12am,2064.78
Delhi - 2024,02-Mar 1am,1901.00
Delhi - 2024,02-Mar 2am,1815.87
Delhi - 2024,02-Mar 3am,1772.58
Delhi - 2024,02-Mar 4am,1848.58
Delhi - 2024,02-Mar 5am,2117.95
Delhi - 2024,02-Mar 6am,2662.58
Delhi - 2024,02-Mar 7am,3257.40
Delhi - 2024,02-Mar 8am,3491.26
Delhi - 2024,02-Mar 9am,3510.48
Delhi - 2024,02-Mar 10am,3631.91
Delhi - 2024,02-Mar 11am,3558.40
Delhi - 2024,02-Mar 12pm,3462.60
Delhi - 2024,02-Mar 1pm,3150.59
Delhi - 2024,02-Mar 2pm,3026.96
Delhi - 2024,02-Mar 3pm,2960.41
Delhi - 2024,02-Mar 4pm,2867.77
Delhi - 2024,02-Mar 5pm,2947.19
Delhi - 2024,02-Mar 6pm,3170.10
Delhi - 2024,02-Mar 7pm,3157.72
Delhi - 2024,02-Mar 8pm,2928.27
Delhi - 2024,02-Mar 9pm,2706.32
Delhi - 2024,02-Mar 10pm,2458.18
Delhi - 2024,02-Mar 11pm,2203.02
Delhi - 2024,03-Mar 12am,1961.95
Delhi - 2024,03-Mar 1am,1801.41
Delhi - 2024,03-Mar 2am,1720.59
Delhi - 2024,03-Mar 3am,1669.62
Delhi - 2024,03-Mar 4am,1734.71
Delhi - 2024,03-Mar 5am,1927.76
Delhi - 2024,03-Mar 6am,2281.88
Delhi - 2024,03-Mar 7am,2857.77
Delhi - 2024,03-Mar 8am,3286.43
Delhi - 2024,03-Mar 9am,3588.37
Delhi - 2024,03-Mar 10am,3830.24
Delhi - 2024,03-Mar 11am,3760.15
Delhi - 2024,03-Mar 12pm,3590.82
Delhi - 2024,03-Mar 1pm,3241.46
Delhi - 2024,03-Mar 2pm,3061.45
Delhi - 2024,03-Mar 3pm,2904.17
Delhi - 2024,03-Mar 4pm,2853.50
Delhi - 2024,03-Mar 5pm,2895.82
Delhi - 2024,03-Mar 6pm,3065.25
Delhi - 2024,03-Mar 7pm,3093.82
Delhi - 2024,03-Mar 8pm,2918.68
Delhi - 2024,03-Mar 9pm,2682.82
Delhi - 2024,03-Mar 10pm,2438.51
Delhi - 2024,03-Mar 11pm,2177.85
Delhi - 2024,04-Mar 12am,1935.45
Delhi - 2024,04-Mar 1am,1772.29
Delhi - 2024,04-Mar 2am,1694.50
Delhi - 2024,04-Mar 3am,1675.54
Delhi - 2024,04-Mar 4am,1741.89
Delhi - 2024,04-Mar 5am,2069.81
Delhi - 2024,04-Mar 6am,2796.32
Delhi - 2024,04-Mar 7am,3500.24
Delhi - 2024,04-Mar 8am,3664.44
Delhi - 2024,04-Mar 9am,3739.62
Delhi - 2024,04-Mar 10am,3838.50
Delhi - 2024,04-Mar 11am,3719.75
Delhi - 2024,04-Mar 12pm,3572.50
Delhi - 2024,04-Mar 1pm,3160.97
Delhi - 2024,04-Mar 2pm,3105.04
Delhi - 2024,04-Mar 3pm,3027.27
Delhi - 2024,04-Mar 4pm,3009.43
Delhi - 2024,04-Mar 5pm,3115.57
Delhi - 2024,04-Mar 6pm,3295.27
Delhi - 2024,04-Mar 7pm,3301.06
Delhi - 2024,04-Mar 8pm,3014.00
Delhi - 2024,04-Mar 9pm,2734.05
Delhi - 2024,04-Mar 10pm,2456.88
Delhi - 2024,04-Mar 11pm,2138.98
Delhi - 2024,05-Mar 12am,1856.30
Delhi - 2024,05-Mar 1am,1674.71
Delhi - 2024,05-Mar 2am,1589.00
Delhi - 2024,05-Mar 3am,1538.81
Delhi - 2024,05-Mar 4am,1611.42
Delhi - 2024,05-Mar 5am,1958.29
Delhi - 2024,05-Mar 6am,2721.09
Delhi - 2024,05-Mar 7am,3466.95
Delhi - 2024,05-Mar 8am,3681.74
Delhi - 2024,05-Mar 9am,3805.87
Delhi - 2024,05-Mar 10am,3864.24
Delhi - 2024,05-Mar 11am,3717.45
Delhi - 2024,05-Mar 12pm,3520.44
Delhi - 2024,05-Mar 1pm,3149.39
Delhi - 2024,05-Mar 2pm,3115.33
Delhi - 2024,05-Mar 3pm,3008.60
Delhi - 2024,05-Mar 4pm,3016.06
Delhi - 2024,05-Mar 5pm,3169.27
Delhi - 2024,05-Mar 6pm,3376.58
Delhi - 2024,05-Mar 7pm,3369.96
Delhi - 2024,05-Mar 8pm,3105.50
Delhi - 2024,05-Mar 9pm,2765.75
Delhi - 2024,05-Mar 10pm,2485.39
Delhi - 2024,05-Mar 11pm,2172.86
Delhi - 2024,06-Mar 12am,1887.80
Delhi - 2024,06-Mar 1am,1720.02
Delhi - 2024,06-Mar 2am,1620.75
Delhi - 2024,06-Mar 3am,1585.80
Delhi - 2024,06-Mar 4am,1662.03
Delhi - 2024,06-Mar 5am,2018.69
Delhi - 2024,06-Mar 6am,2788.68
Delhi - 2024,06-Mar 7am,3543.43
Delhi - 2024,06-Mar 8am,3783.21
Delhi - 2024,06-Mar 9am,3886.17
Delhi - 2024,06-Mar 10am,4079.45
Delhi - 2024,06-Mar 11am,3950.71
Delhi - 2024,06-Mar 12pm,3668.86
Delhi - 2024,06-Mar 1pm,3291.00
Delhi - 2024,06-Mar 2pm,3165.85
Delhi - 2024,06-Mar 3pm,3105.05
Delhi - 2024,06-Mar 4pm,3066.57
Delhi - 2024,06-Mar 5pm,3221.56
Delhi - 2024,06-Mar 6pm,3385.89
Delhi - 2024,06-Mar 7pm,3403.29
Delhi - 2024,06-Mar 8pm,3104.32
Delhi - 2024,06-Mar 9pm,2803.20
Delhi - 2024,06-Mar 10pm,2491.18
Delhi - 2024,06-Mar 11pm,2161.16
Delhi - 2024,07-Mar 12am,1881.16
Delhi - 2024,07-Mar 1am,1686.80
Delhi - 2024,07-Mar 2am,1597.81
Delhi - 2024,07-Mar 3am,1549.72
Delhi - 2024,07-Mar 4am,1615.23
Delhi - 2024,07-Mar 5am,1954.34
Delhi - 2024,07-Mar 6am,2722.83
Delhi - 2024,07-Mar 7am,3506.84
Delhi - 2024,07-Mar 8am,3740.73
Delhi - 2024,07-Mar 9am,3804.39
Delhi - 2024,07-Mar 10am,3926.42
Delhi - 2024,07-Mar 11am,3711.05
Delhi - 2024,07-Mar 12pm,3465.45
Delhi - 2024,07-Mar 1pm,3096.33
Delhi - 2024,07-Mar 2pm,3027.73
Delhi - 2024,07-Mar 3pm,2981.52
Delhi - 2024,07-Mar 4pm,2982.01
Delhi - 2024,07-Mar 5pm,3217.87
Delhi - 2024,07-Mar 6pm,3364.52
Delhi - 2024,07-Mar 7pm,3378.42
Delhi - 2024,07-Mar 8pm,3078.23
Delhi - 2024,07-Mar 9pm,2770.90
Delhi - 2024,07-Mar 10pm,2516.60
Delhi - 2024,07-Mar 11pm,2205.75
Delhi - 2024,08-Mar 12am,1923.85
Delhi - 2024,08-Mar 1am,1726.08
Delhi - 2024,08-Mar 2am,1614.48
Delhi - 2024,08-Mar 3am,1586.13
Delhi - 2024,08-Mar 4am,1710.71
Delhi - 2024,08-Mar 5am,2127.33
Delhi - 2024,08-Mar 6am,2845.40
Delhi - 2024,08-Mar 7am,3706.42
Delhi - 2024,08-Mar 8am,4132.96
Delhi - 2024,08-Mar 9am,4289.07
Delhi - 2024,08-Mar 10am,4225.21
Delhi - 2024,08-Mar 11am,3898.22
Delhi - 2024,08-Mar 12pm,3675.46
Delhi - 2024,08-Mar 1pm,3146.17
Delhi - 2024,08-Mar 2pm,2996.23
Delhi - 2024,08-Mar 3pm,2917.20
Delhi - 2024,08-Mar 4pm,2890.93
Delhi - 2024,08-Mar 5pm,2998.95
Delhi - 2024,08-Mar 6pm,3149.56
Delhi - 2024,08-Mar 7pm,3158.08
Delhi - 2024,08-Mar 8pm,2918.47
Delhi - 2024,08-Mar 9pm,2658.62
Delhi - 2024,08-Mar 10pm,2393.58
Delhi - 2024,08-Mar 11pm,2090.28
Delhi - 2024,09-Mar 12am,1837.79
Delhi - 2024,09-Mar 1am,1671.18
Delhi - 2024,09-Mar 2am,1587.33
Delhi - 2024,09-Mar 3am,1539.75
Delhi - 2024,09-Mar 4am,1613.69
Delhi - 2024,09-Mar 5am,1911.51
Delhi - 2024,09-Mar 6am,2509.38
Delhi - 2024,09-Mar 7am,3204.42
Delhi - 2024,09-Mar 8am,3412.36
Delhi - 2024,09-Mar 9am,3545.87
Delhi - 2024,09-Mar 10am,3655.68
Delhi - 2024,09-Mar 11am,3533.73
Delhi - 2024,09-Mar 12pm,3341.92
Delhi - 2024,09-Mar 1pm,2979.32
Delhi - 2024,09-Mar 2pm,2882.45
Delhi - 2024,09-Mar 3pm,2841.89
Delhi - 2024,09-Mar 4pm,2821.90
Delhi - 2024,09-Mar 5pm,2970.17
Delhi - 2024,09-Mar 6pm,3139.91
Delhi - 2024,09-Mar 7pm,3162.73
Delhi - 2024,09-Mar 8pm,2909.49
Delhi - 2024,09-Mar 9pm,2628.32
Delhi - 2024,09-Mar 10pm,2362.49
Delhi - 2024,09-Mar 11pm,2086.43
Delhi - 2024,10-Mar 12am,1831.72
Delhi - 2024,10-Mar 1am,1656.23
Delhi - 2024,10-Mar 2am,1552.24
Delhi - 2024,10-Mar 3am,1509.43
Delhi - 2024,10-Mar 4am,1557.54
Delhi - 2024,10-Mar 5am,1795.91
Delhi - 2024,10-Mar 6am,2261.45
Delhi - 2024,10-Mar 7am,2909.06
Delhi - 2024,10-Mar 8am,3270.05
Delhi - 2024,10-Mar 9am,3485.78
Delhi - 2024,10-Mar 10am,3665.38
Delhi - 2024,10-Mar 11am,3628.32
Delhi - 2024,10-Mar 12pm,3441.45
Delhi - 2024,10-Mar 1pm,3054.82
Delhi - 2024,10-Mar 2pm,2904.40
Delhi - 2024,10-Mar 3pm,2818.83
Delhi - 2024,10-Mar 4pm,2724.94
Delhi - 2024,10-Mar 5pm,2827.88
Delhi - 2024,10-Mar 6pm,2994.04
Delhi - 2024,10-Mar 7pm,3024.64
Delhi - 2024,10-Mar 8pm,2834.07
Delhi - 2024,10-Mar 9pm,2562.33
Delhi - 2024,10-Mar 10pm,2335.33
Delhi - 2024,10-Mar 11pm,2046.09
Delhi - 2024,11-Mar 12am,1799.22
Delhi - 2024,11-Mar 1am,1637.37
Delhi - 2024,11-Mar 2am,1549.83
Delhi - 2024,11-Mar 3am,1511.00
Delhi - 2024,11-Mar 4am,1590.53
Delhi - 2024,11-Mar 5am,1927.71
Delhi - 2024,11-Mar 6am,2693.13
Delhi - 2024,11-Mar 7am,3448.14
Delhi - 2024,11-Mar 8am,3613.57
Delhi - 2024,11-Mar 9am,3676.33
Delhi - 2024,11-Mar 10am,3829.85
Delhi - 2024,11-Mar 11am,3729.99
Delhi - 2024,11-Mar 12pm,3536.40
Delhi - 2024,11-Mar 1pm,3172.76
Delhi - 2024,11-Mar 2pm,3148.26
Delhi - 2024,11-Mar 3pm,3122.18
Delhi - 2024,11-Mar 4pm,3089.52
Delhi - 2024,11-Mar 5pm,3203.81
Delhi - 2024,11-Mar 6pm,3352.95
Delhi - 2024,11-Mar 7pm,3340.99
Delhi - 2024,11-Mar 8pm,3070.84
Delhi - 2024,11-Mar 9pm,2727.80
Delhi - 2024,11-Mar 10pm,2486.13
Delhi - 2024,11-Mar 11pm,2195.26
Delhi - 2024,12-Mar 12am,1947.96
Delhi - 2024,12-Mar 1am,1785.01
Delhi - 2024,12-Mar 2am,1715.76
Delhi - 2024,12-Mar 3am,1678.42
Delhi - 2024,12-Mar 4am,1788.76
Delhi - 2024,12-Mar 5am,2091.85
Delhi - 2024,12-Mar 6am,2707.55
Delhi - 2024,12-Mar 7am,3353.05
Delhi - 2024,12-Mar 8am,3532.06
Delhi - 2024,12-Mar 9am,3637.19
Delhi - 2024,12-Mar 10am,3727.55
Delhi - 2024,12-Mar 11am,3631.87
Delhi - 2024,12-Mar 12pm,3510.50
Delhi - 2024,12-Mar 1pm,3163.52
Delhi - 2024,12-Mar 2pm,3125.97
Delhi - 2024,12-Mar 3pm,3104.13
Delhi - 2024,12-Mar 4pm,3104.77
Delhi - 2024,12-Mar 5pm,3213.83
Delhi - 2024,12-Mar 6pm,3302.37
Delhi - 2024,12-Mar 7pm,3296.79
Delhi - 2024,12-Mar 8pm,3048.08
Delhi - 2024,12-Mar 9pm,2772.89
Delhi - 2024,12-Mar 10pm,2524.89
Delhi - 2024,12-Mar 11pm,2242.07
Delhi - 2024,13-Mar 12am,2011.63
Delhi - 2024,13-Mar 1am,1828.16
Delhi - 2024,13-Mar 2am,1730.96
Delhi - 2024,13-Mar 3am,1707.15
Delhi - 2024,13-Mar 4am,1825.65
Delhi - 2024,13-Mar 5am,2105.74
Delhi - 2024,13-Mar 6am,2729.20
Delhi - 2024,13-Mar 7am,3369.05
Delhi - 2024,13-Mar 8am,3554.71
Delhi - 2024,13-Mar 9am,3619.87
Delhi - 2024,13-Mar 10am,3774.65
Delhi - 2024,13-Mar 11am,3690.35
Delhi - 2024,13-Mar 12pm,3571.35
Delhi - 2024,13-Mar 1pm,3214.57
Delhi - 2024,13-Mar 2pm,3214.39
Delhi - 2024,13-Mar 3pm,3245.56
Delhi - 2024,13-Mar 4pm,3253.80
Delhi - 2024,13-Mar 5pm,3319.12
Delhi - 2024,13-Mar 6pm,3340.43
Delhi - 2024,13-Mar 7pm,3358.07
Delhi - 2024,13-Mar 8pm,3063.54
Delhi - 2024,13-Mar 9pm,2740.86
Delhi - 2024,13-Mar 10pm,2504.29
Delhi - 2024,13-Mar 11pm,2269.30
Delhi - 2024,14-Mar 12am,2023.62
Delhi - 2024,14-Mar 1am,1871.46
Delhi - 2024,14-Mar 2am,1783.62
Delhi - 2024,14-Mar 3am,1740.19
Delhi - 2024,14-Mar 4am,1839.26
Delhi - 2024,14-Mar 5am,2136.81
Delhi - 2024,14-Mar 6am,2728.65
Delhi - 2024,14-Mar 7am,3311.45
Delhi - 2024,14-Mar 8am,3462.92
Delhi - 2024,14-Mar 9am,3537.24
Delhi - 2024,14-Mar 10am,3702.09
Delhi - 2024,14-Mar 11am,3651.04
Delhi - 2024,14-Mar 12pm,3529.10
Delhi - 2024,14-Mar 1pm,3178.69
Delhi - 2024,14-Mar 2pm,3217.28
Delhi - 2024,14-Mar 3pm,3201.12
Delhi - 2024,14-Mar 4pm,3191.74
Delhi - 2024,14-Mar 5pm,3295.28
Delhi - 2024,14-Mar 6pm,3378.69
Delhi - 2024,14-Mar 7pm,3398.08
Delhi - 2024,14-Mar 8pm,3116.22
Delhi - 2024,14-Mar 9pm,2793.76
Delhi - 2024,14-Mar 10pm,2548.16
Delhi - 2024,14-Mar 11pm,2314.00
Delhi - 2024,15-Mar 12am,2078.41
Delhi - 2024,15-Mar 1am,1914.20
Delhi - 2024,15-Mar 2am,1824.79
Delhi - 2024,15-Mar 3am,1783.86
Delhi - 2024,15-Mar 4am,1874.41
Delhi - 2024,15-Mar 5am,2164.14
Delhi - 2024,15-Mar 6am,2759.01
Delhi - 2024,15-Mar 7am,3406.29
Delhi - 2024,15-Mar 8am,3570.82
Delhi - 2024,15-Mar 9am,3704.01
Delhi - 2024,15-Mar 10am,3852.10
Delhi - 2024,15-Mar 11am,3818.20
Delhi - 2024,15-Mar 12pm,3685.95
Delhi - 2024,15-Mar 1pm,3249.88
Delhi - 2024,15-Mar 2pm,3169.80
Delhi - 2024,15-Mar 3pm,3132.36
Delhi - 2024,15-Mar 4pm,3148.85
Delhi - 2024,15-Mar 5pm,3241.03
Delhi - 2024,15-Mar 6pm,3354.05
Delhi - 2024,15-Mar 7pm,3371.90
Delhi - 2024,15-Mar 8pm,3062.60
Delhi - 2024,15-Mar 9pm,2743.10
Delhi - 2024,15-Mar 10pm,2502.75
Delhi - 2024,15-Mar 11pm,2276.40
Delhi - 2024,16-Mar 12am,2043.41
Delhi - 2024,16-Mar 1am,1888.47
Delhi - 2024,16-Mar 2am,1798.80
Delhi - 2024,16-Mar 3am,1760.78
Delhi - 2024,16-Mar 4am,1852.64
Delhi - 2024,16-Mar 5am,2128.97
Delhi - 2024,16-Mar 6am,2634.51
Delhi - 2024,16-Mar 7am,3155.49
Delhi - 2024,16-Mar 8am,3338.29
Delhi - 2024,16-Mar 9am,3421.94
Delhi - 2024,16-Mar 10am,3564.84
Delhi - 2024,16-Mar 11am,3470.01
Delhi - 2024,16-Mar 12pm,3337.76
Delhi - 2024,16-Mar 1pm,3015.88
Delhi - 2024,16-Mar 2pm,2984.51
Delhi - 2024,16-Mar 3pm,2977.13
Delhi - 2024,16-Mar 4pm,2963.76
Delhi - 2024,16-Mar 5pm,3053.75
Delhi - 2024,16-Mar 6pm,3158.20
Delhi - 2024,16-Mar 7pm,3180.49
Delhi - 2024,16-Mar 8pm,2941.42
Delhi - 2024,16-Mar 9pm,2676.98
Delhi - 2024,16-Mar 10pm,2447.75
Delhi - 2024,16-Mar 11pm,2230.81
Delhi - 2024,17-Mar 12am,2000.12
Delhi - 2024,17-Mar 1am,1846.94
Delhi - 2024,17-Mar 2am,1767.35
Delhi - 2024,17-Mar 3am,1718.57
Delhi - 2024,17-Mar 4am,1791.87
Delhi - 2024,17-Mar 5am,1990.69
Delhi - 2024,17-Mar 6am,2327.37
Delhi - 2024,17-Mar 7am,2832.04
Delhi - 2024,17-Mar 8am,3101.89
Delhi - 2024,17-Mar 9am,3300.99
Delhi - 2024,17-Mar 10am,3493.36
Delhi - 2024,17-Mar 11am,3465.33
Delhi - 2024,17-Mar 12pm,3356.24
Delhi - 2024,17-Mar 1pm,2997.48
Delhi - 2024,17-Mar 2pm,2917.61
Delhi - 2024,17-Mar 3pm,2819.32
Delhi - 2024,17-Mar 4pm,2766.42
Delhi - 2024,17-Mar 5pm,2854.03
Delhi - 2024,17-Mar 6pm,2990.88
Delhi - 2024,17-Mar 7pm,3047.20
Delhi - 2024,17-Mar 8pm,2857.46
Delhi - 2024,17-Mar 9pm,2638.11
Delhi - 2024,17-Mar 10pm,2422.23
Delhi - 2024,17-Mar 11pm,2197.70
Delhi - 2024,18-Mar 12am,1990.98
Delhi - 2024,18-Mar 1am,1846.52
Delhi - 2024,18-Mar 2am,1754.55
Delhi - 2024,18-Mar 3am,1738.50
Delhi - 2024,18-Mar 4am,1829.53
Delhi - 2024,18-Mar 5am,2103.64
Delhi - 2024,18-Mar 6am,2670.29
Delhi - 2024,18-Mar 7am,3271.06
Delhi - 2024,18-Mar 8am,3415.04
Delhi - 2024,18-Mar 9am,3555.41
Delhi - 2024,18-Mar 10am,3705.89
Delhi - 2024,18-Mar 11am,3626.38
Delhi - 2024,18-Mar 12pm,3502.11
Delhi - 2024,18-Mar 1pm,3181.23
Delhi - 2024,18-Mar 2pm,3170.10
Delhi - 2024,18-Mar 3pm,3103.12
Delhi - 2024,18-Mar 4pm,3067.21
Delhi - 2024,18-Mar 5pm,3172.60
Delhi - 2024,18-Mar 6pm,3337.19
Delhi - 2024,18-Mar 7pm,3308.58
Delhi - 2024,18-Mar 8pm,3036.51
Delhi - 2024,18-Mar 9pm,2764.66
Delhi - 2024,18-Mar 10pm,2541.34
Delhi - 2024,18-Mar 11pm,2309.06
Delhi - 2024,19-Mar 12am,2077.79
Delhi - 2024,19-Mar 1am,1938.51
Delhi - 2024,19-Mar 2am,1853.78
Delhi - 2024,19-Mar 3am,1818.07
Delhi - 2024,19-Mar 4am,1897.43
Delhi - 2024,19-Mar 5am,2163.41
Delhi - 2024,19-Mar 6am,2711.03
Delhi - 2024,19-Mar 7am,3285.49
Delhi - 2024,19-Mar 8am,3457.83
Delhi - 2024,19-Mar 9am,3546.85
Delhi - 2024,19-Mar 10am,3693.86
Delhi - 2024,19-Mar 11am,3654.01
Delhi - 2024,19-Mar 12pm,3550.08
Delhi - 2024,19-Mar 1pm,3260.76
Delhi - 2024,19-Mar 2pm,3248.95
Delhi - 2024,19-Mar 3pm,3259.81
Delhi - 2024,19-Mar 4pm,3243.36
Delhi - 2024,19-Mar 5pm,3335.53
Delhi - 2024,19-Mar 6pm,3411.43
Delhi - 2024,19-Mar 7pm,3413.68
Delhi - 2024,19-Mar 8pm,3163.21
Delhi - 2024,19-Mar 9pm,2909.03
Delhi - 2024,19-Mar 10pm,2686.85
Delhi - 2024,19-Mar 11pm,2479.39
Delhi - 2024,20-Mar 12am,2278.95
Delhi - 2024,20-Mar 1am,2133.52
Delhi - 2024,20-Mar 2am,2056.73
Delhi - 2024,20-Mar 3am,2021.02
Delhi - 2024,20-Mar 4am,2110.64
Delhi - 2024,20-Mar 5am,2357.03
Delhi - 2024,20-Mar 6am,2862.23
Delhi - 2024,20-Mar 7am,3395.44
Delhi - 2024,20-Mar 8am,3535.79
Delhi - 2024,20-Mar 9am,3651.50
Delhi - 2024,20-Mar 10am,3747.81
Delhi - 2024,20-Mar 11am,3750.78
Delhi - 2024,20-Mar 12pm,3641.22
Delhi - 2024,20-Mar 1pm,3366.94
Delhi - 2024,20-Mar 2pm,3397.06
Delhi - 2024,20-Mar 3pm,3373.49
Delhi - 2024,20-Mar 4pm,3369.94
Delhi - 2024,20-Mar 5pm,3457.35
Delhi - 2024,20-Mar 6pm,3492.99
Delhi - 2024,20-Mar 7pm,3504.76
Delhi - 2024,20-Mar 8pm,3254.51
Delhi - 2024,20-Mar 9pm,3001.04
Delhi - 2024,20-Mar 10pm,2777.10
Delhi - 2024,20-Mar 11pm,2579.61
Delhi - 2024,21-Mar 12am,2332.89
Delhi - 2024,21-Mar 1am,2076.35
Delhi - 2024,21-Mar 2am,2010.73
Delhi - 2024,21-Mar 3am,1975.15
Delhi - 2024,21-Mar 4am,2042.75
Delhi - 2024,21-Mar 5am,2261.89
Delhi - 2024,21-Mar 6am,2704.60
Delhi - 2024,21-Mar 7am,3204.95
Delhi - 2024,21-Mar 8am,3379.31
Delhi - 2024,21-Mar 9am,3507.84
Delhi - 2024,21-Mar 10am,3652.26
Delhi - 2024,21-Mar 11am,3575.33
Delhi - 2024,21-Mar 12pm,3544.42
Delhi - 2024,21-Mar 1pm,3246.84
Delhi - 2024,21-Mar 2pm,3296.27
Delhi - 2024,21-Mar 3pm,3322.36
Delhi - 2024,21-Mar 4pm,3325.28
Delhi - 2024,21-Mar 5pm,3421.43
Delhi - 2024,21-Mar 6pm,3494.21
Delhi - 2024,21-Mar 7pm,3491.24
Delhi - 2024,21-Mar 8pm,3207.16
Delhi - 2024,21-Mar 9pm,2885.40
Delhi - 2024,21-Mar 10pm,2697.47
Delhi - 2024,21-Mar 11pm,2482.44
Delhi - 2024,22-Mar 12am,2260.04
Delhi - 2024,22-Mar 1am,2091.79
Delhi - 2024,22-Mar 2am,2020.02
Delhi - 2024,22-Mar 3am,1984.15
Delhi - 2024,22-Mar 4am,2059.58
Delhi - 2024,22-Mar 5am,2339.22
Delhi - 2024,22-Mar 6am,2854.96
Delhi - 2024,22-Mar 7am,3378.52
Delhi - 2024,22-Mar 8am,3567.93
Delhi - 2024,22-Mar 9am,3690.05
Delhi - 2024,22-Mar 10am,3958.87
Delhi - 2024,22-Mar 11am,3980.78
Delhi - 2024,22-Mar 12pm,3901.13
Delhi - 2024,22-Mar 1pm,3527.11
Delhi - 2024,22-Mar 2pm,3515.18
Delhi - 2024,22-Mar 3pm,3507.78
Delhi - 2024,22-Mar 4pm,3477.71
Delhi - 2024,22-Mar 5pm,3525.22
Delhi - 2024,22-Mar 6pm,3576.30
Delhi - 2024,22-Mar 7pm,3580.27
Delhi - 2024,22-Mar 8pm,3297.21
Delhi - 2024,22-Mar 9pm,3012.32
Delhi - 2024,22-Mar 10pm,2815.08
Delhi - 2024,22-Mar 11pm,2608.43
Delhi - 2024,23-Mar 12am,2371.16
Delhi - 2024,23-Mar 1am,2210.31
Delhi - 2024,23-Mar 2am,2121.98
Delhi - 2024,23-Mar 3am,2061.14
Delhi - 2024,23-Mar 4am,2129.16
Delhi - 2024,23-Mar 5am,2322.92
Delhi - 2024,23-Mar 6am,2708.25
Delhi - 2024,23-Mar 7am,3137.59
Delhi - 2024,23-Mar 8am,3265.37
Delhi - 2024,23-Mar 9am,3407.22
Delhi - 2024,23-Mar 10am,3693.32
Delhi - 2024,23-Mar 11am,3658.77
Delhi - 2024,23-Mar 12pm,3587.25
Delhi - 2024,23-Mar 1pm,3281.31
Delhi - 2024,23-Mar 2pm,3301.91
Delhi - 2024,23-Mar 3pm,3322.81
Delhi - 2024,23-Mar 4pm,3316.28
Delhi - 2024,23-Mar 5pm,3386.03
Delhi - 2024,23-Mar 6pm,3408.13
Delhi - 2024,23-Mar 7pm,3477.73
Delhi - 2024,23-Mar 8pm,3239.15
Delhi - 2024,23-Mar 9pm,3011.33
Delhi - 2024,23-Mar 10pm,2827.33
Delhi - 2024,23-Mar 11pm,2647.33
Delhi - 2024,24-Mar 12am,2425.81
Delhi - 2024,24-Mar 1am,2266.48
Delhi - 2024,24-Mar 2am,2178.76
Delhi - 2024,24-Mar 3am,2130.27
Delhi - 2024,24-Mar 4am,2174.89
Delhi - 2024,24-Mar 5am,2324.25
Delhi - 2024,24-Mar 6am,2627.52
Delhi - 2024,24-Mar 7am,2896.66
Delhi - 2024,24-Mar 8am,3047.67
Delhi - 2024,24-Mar 9am,3186.05
Delhi - 2024,24-Mar 10am,3327.29
Delhi - 2024,24-Mar 11am,3315.89
Delhi - 2024,24-Mar 12pm,3176.70
Delhi - 2024,24-Mar 1pm,2940.22
Delhi - 2024,24-Mar 2pm,2871.89
Delhi - 2024,24-Mar 3pm,2737.43
Delhi - 2024,24-Mar 4pm,2619.13
Delhi - 2024,24-Mar 5pm,2662.39
Delhi - 2024,24-Mar 6pm,2782.61
Delhi - 2024,24-Mar 7pm,2780.68
Delhi - 2024,24-Mar 8pm,2690.85
Delhi - 2024,24-Mar 9pm,2592.46
Delhi - 2024,24-Mar 10pm,2435.68
Delhi - 2024,24-Mar 11pm,2270.06
Delhi - 2024,25-Mar 12am,2097.54
Delhi - 2024,25-Mar 1am,1961.10
Delhi - 2024,25-Mar 2am,1889.61
Delhi - 2024,25-Mar 3am,1851.52
Delhi - 2024,25-Mar 4am,1894.47
Delhi - 2024,25-Mar 5am,2010.74
Delhi - 2024,25-Mar 6am,2184.99
Delhi - 2024,25-Mar 7am,2378.88
Delhi - 2024,25-Mar 8am,2336.27
Delhi - 2024,25-Mar 9am,2200.76
Delhi - 2024,25-Mar 10am,2081.72
Delhi - 2024,25-Mar 11am,2060.59
Delhi - 2024,25-Mar 12pm,2203.32
Delhi - 2024,25-Mar 1pm,2384.97
Delhi - 2024,25-Mar 2pm,2416.32
Delhi - 2024,25-Mar 3pm,2342.69
Delhi - 2024,25-Mar 4pm,2312.44
Delhi - 2024,25-Mar 5pm,2376.10
Delhi - 2024,25-Mar 6pm,2500.27
Delhi - 2024,25-Mar 7pm,2603.61
Delhi - 2024,25-Mar 8pm,2576.08
Delhi - 2024,25-Mar 9pm,2507.00
Delhi - 2024,25-Mar 10pm,2374.32
Delhi - 2024,25-Mar 11pm,2187.02
Delhi - 2024,26-Mar 12am,1998.05
Delhi - 2024,26-Mar 1am,1874.34
Delhi - 2024,26-Mar 2am,1815.24
Delhi - 2024,26-Mar 3am,1795.85
Delhi - 2024,26-Mar 4am,1862.62
Delhi - 2024,26-Mar 5am,2065.97
Delhi - 2024,26-Mar 6am,2444.32
Delhi - 2024,26-Mar 7am,2800.50
Delhi - 2024,26-Mar 8am,2984.14
Delhi - 2024,26-Mar 9am,3148.59
Delhi - 2024,26-Mar 10am,3320.58
Delhi - 2024,26-Mar 11am,3302.69
Delhi - 2024,26-Mar 12pm,3283.01
Delhi - 2024,26-Mar 1pm,3133.29
Delhi - 2024,26-Mar 2pm,3128.60
Delhi - 2024,26-Mar 3pm,3087.57
Delhi - 2024,26-Mar 4pm,3100.77
Delhi - 2024,26-Mar 5pm,3154.03
Delhi - 2024,26-Mar 6pm,3197.38
Delhi - 2024,26-Mar 7pm,3214.45
Delhi - 2024,26-Mar 8pm,3078.48
Delhi - 2024,26-Mar 9pm,2936.32
Delhi - 2024,26-Mar 10pm,2761.65
Delhi - 2024,26-Mar 11pm,2555.14
Delhi - 2024,27-Mar 12am,2360.27
Delhi - 2024,27-Mar 1am,2206.84
Delhi - 2024,27-Mar 2am,2132.80
Delhi - 2024,27-Mar 3am,2098.54
Delhi - 2024,27-Mar 4am,2152.32
Delhi - 2024,27-Mar 5am,2348.26
Delhi - 2024,27-Mar 6am,2723.15
Delhi - 2024,27-Mar 7am,3117.56
Delhi - 2024,27-Mar 8am,3272.76
Delhi - 2024,27-Mar 9am,3516.01
Delhi - 2024,27-Mar 10am,3802.75
Delhi - 2024,27-Mar 11am,3848.98
Delhi - 2024,27-Mar 12pm,3773.91
Delhi - 2024,27-Mar 1pm,3533.69
Delhi - 2024,27-Mar 2pm,3625.11
Delhi - 2024,27-Mar 3pm,3658.56
Delhi - 2024,27-Mar 4pm,3661.20
Delhi - 2024,27-Mar 5pm,3732.05
Delhi - 2024,27-Mar 6pm,3688.63
Delhi - 2024,27-Mar 7pm,3719.02
Delhi - 2024,27-Mar 8pm,3496.98
Delhi - 2024,27-Mar 9pm,3257.65
Delhi - 2024,27-Mar 10pm,3100.97
Delhi - 2024,27-Mar 11pm,2918.56
Delhi - 2024,28-Mar 12am,2683.44
Delhi - 2024,28-Mar 1am,2529.96
Delhi - 2024,28-Mar 2am,2427.79
Delhi - 2024,28-Mar 3am,2372.93
Delhi - 2024,28-Mar 4am,2421.78
Delhi - 2024,28-Mar 5am,2583.26
Delhi - 2024,28-Mar 6am,2931.91
Delhi - 2024,28-Mar 7am,3251.54
Delhi - 2024,28-Mar 8am,3359.12
Delhi - 2024,28-Mar 9am,3573.67
Delhi - 2024,28-Mar 10am,3847.28
Delhi - 2024,28-Mar 11am,3923.02
Delhi - 2024,28-Mar 12pm,3910.10
Delhi - 2024,28-Mar 1pm,3740.67
Delhi - 2024,28-Mar 2pm,3861.43
Delhi - 2024,28-Mar 3pm,3883.04
Delhi - 2024,28-Mar 4pm,3876.36
Delhi - 2024,28-Mar 5pm,3889.76
Delhi - 2024,28-Mar 6pm,3797.24
Delhi - 2024,28-Mar 7pm,3890.19
Delhi - 2024,28-Mar 8pm,3686.50
Delhi - 2024,28-Mar 9pm,3439.81
Delhi - 2024,28-Mar 10pm,3286.03
Delhi - 2024,28-Mar 11pm,3114.29
Delhi - 2024,29-Mar 12am,2893.35
Delhi - 2024,29-Mar 1am,2727.49
Delhi - 2024,29-Mar 2am,2615.39
Delhi - 2024,29-Mar 3am,2544.33
Delhi - 2024,29-Mar 4am,2574.99
Delhi - 2024,29-Mar 5am,2688.73
Delhi - 2024,29-Mar 6am,2933.62
Delhi - 2024,29-Mar 7am,3202.02
Delhi - 2024,29-Mar 8am,3289.41
Delhi - 2024,29-Mar 9am,3558.87
Delhi - 2024,29-Mar 10am,3915.24
Delhi - 2024,29-Mar 11am,4057.09
Delhi - 2024,29-Mar 12pm,4065.55
Delhi - 2024,29-Mar 1pm,3799.80
Delhi - 2024,29-Mar 2pm,3886.69
Delhi - 2024,29-Mar 3pm,3933.83
Delhi - 2024,29-Mar 4pm,3949.29
Delhi - 2024,29-Mar 5pm,4003.22
Delhi - 2024,29-Mar 6pm,3965.41
Delhi - 2024,29-Mar 7pm,3922.99
Delhi - 2024,29-Mar 8pm,3715.87
Delhi - 2024,29-Mar 9pm,3480.21
Delhi - 2024,29-Mar 10pm,3349.78
Delhi - 2024,29-Mar 11pm,3197.62
Delhi - 2024,30-Mar 12am,3021.66
Delhi - 2024,30-Mar 1am,2870.14
Delhi - 2024,30-Mar 2am,2750.67
Delhi - 2024,30-Mar 3am,2679.15
Delhi - 2024,30-Mar 4am,2700.08
Delhi - 2024,30-Mar 5am,2833.60
Delhi - 2024,30-Mar 6am,3064.89
Delhi - 2024,30-Mar 7am,3277.47
Delhi - 2024,30-Mar 8am,3363.35
Delhi - 2024,30-Mar 9am,3543.34
Delhi - 2024,30-Mar 10am,3816.31
Delhi - 2024,30-Mar 11am,3903.80
Delhi - 2024,30-Mar 12pm,3958.17
Delhi - 2024,30-Mar 1pm,3803.03
Delhi - 2024,30-Mar 2pm,3900.84
Delhi - 2024,30-Mar 3pm,3951.98
Delhi - 2024,30-Mar 4pm,3904.43
Delhi - 2024,30-Mar 5pm,3896.94
Delhi - 2024,30-Mar 6pm,3877.98
Delhi - 2024,30-Mar 7pm,3937.19
Delhi - 2024,30-Mar 8pm,3753.42
Delhi - 2024,30-Mar 9pm,3543.18
Delhi - 2024,30-Mar 10pm,3505.90
Delhi - 2024,30-Mar 11pm,3381.62
Delhi - 2024,31-Mar 12am,3203.34
Delhi - 2024,31-Mar 1am,3009.67
Delhi - 2024,31-Mar 2am,2874.67
Delhi - 2024,31-Mar 3am,2783.86
Delhi - 2024,31-Mar 4am,2785.41
Delhi - 2024,31-Mar 5am,2856.08
Delhi - 2024,31-Mar 6am,3006.50
Delhi - 2024,31-Mar 7am,3145.68
Delhi - 2024,31-Mar 8am,3181.49
Delhi - 2024,31-Mar 9am,3369.36
Delhi - 2024,31-Mar 10am,3618.71
Delhi - 2024,31-Mar 11am,3719.40
Delhi - 2024,31-Mar 12pm,3723.19
Delhi - 2024,31-Mar 1pm,3548.37
Delhi - 2024,31-Mar 2pm,3603.39
Delhi - 2024,31-Mar 3pm,3650.21
Delhi - 2024,31-Mar 4pm,3600.33
Delhi - 2024,31-Mar 5pm,3603.13
Delhi - 2024,31-Mar 6pm,3601.52
Delhi - 2024,31-Mar 7pm,3709.01
Delhi - 2024,31-Mar 8pm,3592.11
Delhi - 2024,31-Mar 9pm,3506.45
Delhi - 2024,31-Mar 10pm,3422.47
Delhi - 2024,31-Mar 11pm,3320.03
Delhi - 2024,01-Apr 12am,2066.64
Delhi - 2024,01-Apr 1am,1888.33
Delhi - 2024,01-Apr 2am,1815.58
Delhi - 2024,01-Apr 3am,1784.53
Delhi - 2024,01-Apr 4am,1847.32
Delhi - 2024,01-Apr 5am,2180.67
Delhi - 2024,01-Apr 6am,2931.85
Delhi - 2024,01-Apr 7am,3608.27
Delhi - 2024,01-Apr 8am,3782.23
Delhi - 2024,01-Apr 9am,3927.23
Delhi - 2024,01-Apr 10am,4084.91
Delhi - 2024,01-Apr 11am,3983.45
Delhi - 2024,01-Apr 12pm,3824.64
Delhi - 2024,01-Apr 1pm,3465.31
Delhi - 2024,01-Apr 2pm,3291.37
Delhi - 2024,01-Apr 3pm,3217.17
Delhi - 2024,01-Apr 4pm,3186.26
Delhi - 2024,01-Apr 5pm,3283.97
Delhi - 2024,01-Apr 6pm,3456.30
Delhi - 2024,01-Apr 7pm,3401.33
Delhi - 2024,01-Apr 8pm,3146.42
Delhi - 2024,01-Apr 9pm,2857.33
Delhi - 2024,01-Apr 10pm,2579.42
Delhi - 2024,01-Apr 11pm,2311.05
Delhi - 2024,02-Apr 12am,2064.78
Delhi - 2024,02-Apr 1am,1901.00
Delhi - 2024,02-Apr 2am,1815.87
Delhi - 2024,02-Apr 3am,1772.58
Delhi - 2024,02-Apr 4am,1848.58
Delhi - 2024,02-Apr 5am,2117.95
Delhi - 2024,02-Apr 6am,2662.58
Delhi - 2024,02-Apr 7am,3257.40
Delhi - 2024,02-Apr 8am,3491.26
Delhi - 2024,02-Apr 9am,3510.48
Delhi - 2024,02-Apr 10am,3631.91
Delhi - 2024,02-Apr 11am,3558.40
Delhi - 2024,02-Apr 12pm,3462.60
Delhi - 2024,02-Apr 1pm,3150.59
Delhi - 2024,02-Apr 2pm,3026.96
Delhi - 2024,02-Apr 3pm,2960.41
Delhi - 2024,02-Apr 4pm,2867.77
Delhi - 2024,02-Apr 5pm,2947.19
Delhi - 2024,02-Apr 6pm,3170.10
Delhi - 2024,02-Apr 7pm,3157.72
Delhi - 2024,02-Apr 8pm,2928.27
Delhi - 2024,02-Apr 9pm,2706.32
Delhi - 2024,02-Apr 10pm,2458.18
Delhi - 2024,02-Apr 11pm,2203.02
Delhi - 2024,03-Apr 12am,1961.95
Delhi - 2024,03-Apr 1am,1801.41
Delhi - 2024,03-Apr 2am,1720.59
Delhi - 2024,03-Apr 3am,1669.62
Delhi - 2024,03-Apr 4am,1734.71
Delhi - 2024,03-Apr 5am,1927.76
Delhi - 2024,03-Apr 6am,2281.88
Delhi - 2024,03-Apr 7am,2857.77
Delhi - 2024,03-Apr 8am,3286.43
Delhi - 2024,03-Apr 9am,3588.37
Delhi - 2024,03-Apr 10am,3830.24
Delhi - 2024,03-Apr 11am,3760.15
Delhi - 2024,03-Apr 12pm,3590.82
Delhi - 2024,03-Apr 1pm,3241.46
Delhi - 2024,03-Apr 2pm,3061.45
Delhi - 2024,03-Apr 3pm,2904.17
Delhi - 2024,03-Apr 4pm,2853.50
Delhi - 2024,03-Apr 5pm,2895.82
Delhi - 2024,03-Apr 6pm,3065.25
Delhi - 2024,03-Apr 7pm,3093.82
Delhi - 2024,03-Apr 8pm,2918.68
Delhi - 2024,03-Apr 9pm,2682.82
Delhi - 2024,03-Apr 10pm,2438.51
Delhi - 2024,03-Apr 11pm,2177.85
Delhi - 2024,04-Apr 12am,1935.45
Delhi - 2024,04-Apr 1am,1772.29
Delhi - 2024,04-Apr 2am,1694.50
Delhi - 2024,04-Apr 3am,1675.54
Delhi - 2024,04-Apr 4am,1741.89
Delhi - 2024,04-Apr 5am,2069.81
Delhi - 2024,04-Apr 6am,2796.32
Delhi - 2024,04-Apr 7am,3500.24
Delhi - 2024,04-Apr 8am,3664.44
Delhi - 2024,04-Apr 9am,3739.62
Delhi - 2024,04-Apr 10am,3838.50
Delhi - 2024,04-Apr 11am,3719.75
Delhi - 2024,04-Apr 12pm,3572.50
Delhi - 2024,04-Apr 1pm,3160.97
Delhi - 2024,04-Apr 2pm,3105.04
Delhi - 2024,04-Apr 3pm,3027.27
Delhi - 2024,04-Apr 4pm,3009.43
Delhi - 2024,04-Apr 5pm,3115.57
Delhi - 2024,04-Apr 6pm,3295.27
Delhi - 2024,04-Apr 7pm,3301.06
Delhi - 2024,04-Apr 8pm,3014.00
Delhi - 2024,04-Apr 9pm,2734.05
Delhi - 2024,04-Apr 10pm,2456.88
Delhi - 2024,04-Apr 11pm,2138.98
Delhi - 2024,05-Apr 12am,1856.30
Delhi - 2024,05-Apr 1am,1674.71
Delhi - 2024,05-Apr 2am,1589.00
Delhi - 2024,05-Apr 3am,1538.81
Delhi - 2024,05-Apr 4am,1611.42
Delhi - 2024,05-Apr 5am,1958.29
Delhi - 2024,05-Apr 6am,2721.09
Delhi - 2024,05-Apr 7am,3466.95
Delhi - 2024,05-Apr 8am,3681.74
Delhi - 2024,05-Apr 9am,3805.87
Delhi - 2024,05-Apr 10am,3864.24
Delhi - 2024,05-Apr 11am,3717.45
Delhi - 2024,05-Apr 12pm,3520.44
Delhi - 2024,05-Apr 1pm,3149.39
Delhi - 2024,05-Apr 2pm,3115.33
Delhi - 2024,05-Apr 3pm,3008.60
Delhi - 2024,05-Apr 4pm,3016.06
Delhi - 2024,05-Apr 5pm,3169.27
Delhi - 2024,05-Apr 6pm,3376.58
Delhi - 2024,05-Apr 7pm,3369.96
Delhi - 2024,05-Apr 8pm,3105.50
Delhi - 2024,05-Apr 9pm,2765.75
Delhi - 2024,05-Apr 10pm,2485.39
Delhi - 2024,05-Apr 11pm,2172.86
Delhi - 2024,06-Apr 12am,1887.80
Delhi - 2024,06-Apr 1am,1720.02
Delhi - 2024,06-Apr 2am,1620.75
Delhi - 2024,06-Apr 3am,1585.80
Delhi - 2024,06-Apr 4am,1662.03
Delhi - 2024,06-Apr 5am,2018.69
Delhi - 2024,06-Apr 6am,2788.68
Delhi - 2024,06-Apr 7am,3543.43
Delhi - 2024,06-Apr 8am,3783.21
Delhi - 2024,06-Apr 9am,3886.17
Delhi - 2024,06-Apr 10am,4079.45
Delhi - 2024,06-Apr 11am,3950.71
Delhi - 2024,06-Apr 12pm,3668.86
Delhi - 2024,06-Apr 1pm,3291.00
Delhi - 2024,06-Apr 2pm,3165.85
Delhi - 2024,06-Apr 3pm,3105.05
Delhi - 2024,06-Apr 4pm,3066.57
Delhi - 2024,06-Apr 5pm,3221.56
Delhi - 2024,06-Apr 6pm,3385.89
Delhi - 2024,06-Apr 7pm,3403.29
Delhi - 2024,06-Apr 8pm,3104.32
Delhi - 2024,06-Apr 9pm,2803.20
Delhi - 2024,06-Apr 10pm,2491.18
Delhi - 2024,06-Apr 11pm,2161.16
Delhi - 2024,07-Apr 12am,1881.16
Delhi - 2024,07-Apr 1am,1686.80
Delhi - 2024,07-Apr 2am,1597.81
Delhi - 2024,07-Apr 3am,1549.72
Delhi - 2024,07-Apr 4am,1615.23
Delhi - 2024,07-Apr 5am,1954.34
Delhi - 2024,07-Apr 6am,2722.83
Delhi - 2024,07-Apr 7am,3506.84
Delhi - 2024,07-Apr 8am,3740.73
Delhi - 2024,07-Apr 9am,3804.39
Delhi - 2024,07-Apr 10am,3926.42
Delhi - 2024,07-Apr 11am,3711.05
Delhi - 2024,07-Apr 12pm,3465.45
Delhi - 2024,07-Apr 1pm,3096.33
Delhi - 2024,07-Apr 2pm,3027.73
Delhi - 2024,07-Apr 3pm,2981.52
Delhi - 2024,07-Apr 4pm,2982.01
Delhi - 2024,07-Apr 5pm,3217.87
Delhi - 2024,07-Apr 6pm,3364.52
Delhi - 2024,07-Apr 7pm,3378.42
Delhi - 2024,07-Apr 8pm,3078.23
Delhi - 2024,07-Apr 9pm,2770.90
Delhi - 2024,07-Apr 10pm,2516.60
Delhi - 2024,07-Apr 11pm,2205.75
Delhi - 2024,08-Apr 12am,1923.85
Delhi - 2024,08-Apr 1am,1726.08
Delhi - 2024,08-Apr 2am,1614.48
Delhi - 2024,08-Apr 3am,1586.13
Delhi - 2024,08-Apr 4am,1710.71
Delhi - 2024,08-Apr 5am,2127.33
Delhi - 2024,08-Apr 6am,2845.40
Delhi - 2024,08-Apr 7am,3706.42
Delhi - 2024,08-Apr 8am,4132.96
Delhi - 2024,08-Apr 9am,4289.07
Delhi - 2024,08-Apr 10am,4225.21
Delhi - 2024,08-Apr 11am,3898.22
Delhi - 2024,08-Apr 12pm,3675.46
Delhi - 2024,08-Apr 1pm,3146.17
Delhi - 2024,08-Apr 2pm,2996.23
Delhi - 2024,08-Apr 3pm,2917.20
Delhi - 2024,08-Apr 4pm,2890.93
Delhi - 2024,08-Apr 5pm,2998.95
Delhi - 2024,08-Apr 6pm,3149.56
Delhi - 2024,08-Apr 7pm,3158.08
Delhi - 2024,08-Apr 8pm,2918.47
Delhi - 2024,08-Apr 9pm,2658.62
Delhi - 2024,08-Apr 10pm,2393.58
Delhi - 2024,08-Apr 11pm,2090.28
Delhi - 2024,09-Apr 12am,1837.79
Delhi - 2024,09-Apr 1am,1671.18
Delhi - 2024,09-Apr 2am,1587.33
Delhi - 2024,09-Apr 3am,1539.75
Delhi - 2024,09-Apr 4am,1613.69
Delhi - 2024,09-Apr 5am,1911.51
Delhi - 2024,09-Apr 6am,2509.38
Delhi - 2024,09-Apr 7am,3204.42
Delhi - 2024,09-Apr 8am,3412.36
Delhi - 2024,09-Apr 9am,3545.87
Delhi - 2024,09-Apr 10am,3655.68
Delhi - 2024,09-Apr 11am,3533.73
Delhi - 2024,09-Apr 12pm,3341.92
Delhi - 2024,09-Apr 1pm,2979.32
Delhi - 2024,09-Apr 2pm,2882.45
Delhi - 2024,09-Apr 3pm,2841.89
Delhi - 2024,09-Apr 4pm,2821.90
Delhi - 2024,09-Apr 5pm,2970.17
Delhi - 2024,09-Apr 6pm,3139.91
Delhi - 2024,09-Apr 7pm,3162.73
Delhi - 2024,09-Apr 8pm,2909.49
Delhi - 2024,09-Apr 9pm,2628.32
Delhi - 2024,09-Apr 10pm,2362.49
Delhi - 2024,09-Apr 11pm,2086.43
Delhi - 2024,10-Apr 12am,1831.72
Delhi - 2024,10-Apr 1am,1656.23
Delhi - 2024,10-Apr 2am,1552.24
Delhi - 2024,10-Apr 3am,1509.43
Delhi - 2024,10-Apr 4am,1557.54
Delhi - 2024,10-Apr 5am,1795.91
Delhi - 2024,10-Apr 6am,2261.45
Delhi - 2024,10-Apr 7am,2909.06
Delhi - 2024,10-Apr 8am,3270.05
Delhi - 2024,10-Apr 9am,3485.78
Delhi - 2024,10-Apr 10am,3665.38
Delhi - 2024,10-Apr 11am,3628.32
Delhi - 2024,10-Apr 12pm,3441.45
Delhi - 2024,10-Apr 1pm,3054.82
Delhi - 2024,10-Apr 2pm,2904.40
Delhi - 2024,10-Apr 3pm,2818.83
Delhi - 2024,10-Apr 4pm,2724.94
Delhi - 2024,10-Apr 5pm,2827.88
Delhi - 2024,10-Apr 6pm,2994.04
Delhi - 2024,10-Apr 7pm,3024.64
Delhi - 2024,10-Apr 8pm,2834.07
Delhi - 2024,10-Apr 9pm,2562.33
Delhi - 2024,10-Apr 10pm,2335.33
Delhi - 2024,10-Apr 11pm,2046.09
Delhi - 2024,11-Apr 12am,1799.22
Delhi - 2024,11-Apr 1am,1637.37
Delhi - 2024,11-Apr 2am,1549.83
Delhi - 2024,11-Apr 3am,1511.00
Delhi - 2024,11-Apr 4am,1590.53
Delhi - 2024,11-Apr 5am,1927.71
Delhi - 2024,11-Apr 6am,2693.13
Delhi - 2024,11-Apr 7am,3448.14
Delhi - 2024,11-Apr 8am,3613.57
Delhi - 2024,11-Apr 9am,3676.33
Delhi - 2024,11-Apr 10am,3829.85
Delhi - 2024,11-Apr 11am,3729.99
Delhi - 2024,11-Apr 12pm,3536.40
Delhi - 2024,11-Apr 1pm,3172.76
Delhi - 2024,11-Apr 2pm,3148.26
Delhi - 2024,11-Apr 3pm,3122.18
Delhi - 2024,11-Apr 4pm,3089.52
Delhi - 2024,11-Apr 5pm,3203.81
Delhi - 2024,11-Apr 6pm,3352.95
Delhi - 2024,11-Apr 7pm,3340.99
Delhi - 2024,11-Apr 8pm,3070.84
Delhi - 2024,11-Apr 9pm,2727.80
Delhi - 2024,11-Apr 10pm,2486.13
Delhi - 2024,11-Apr 11pm,2195.26
Delhi - 2024,12-Apr 12am,1947.96
Delhi - 2024,12-Apr 1am,1785.01
Delhi - 2024,12-Apr 2am,1715.76
Delhi - 2024,12-Apr 3am,1678.42
Delhi - 2024,12-Apr 4am,1788.76
Delhi - 2024,12-Apr 5am,2091.85
Delhi - 2024,12-Apr 6am,2707.55
Delhi - 2024,12-Apr 7am,3353.05
Delhi - 2024,12-Apr 8am,3532.06
Delhi - 2024,12-Apr 9am,3637.19
Delhi - 2024,12-Apr 10am,3727.55
Delhi - 2024,12-Apr 11am,3631.87
Delhi - 2024,12-Apr 12pm,3510.50
Delhi - 2024,12-Apr 1pm,3163.52
Delhi - 2024,12-Apr 2pm,3125.97
Delhi - 2024,12-Apr 3pm,3104.13
Delhi - 2024,12-Apr 4pm,3104.77
Delhi - 2024,12-Apr 5pm,3213.83
Delhi - 2024,12-Apr 6pm,3302.37
Delhi - 2024,12-Apr 7pm,3296.79
Delhi - 2024,12-Apr 8pm,3048.08
Delhi - 2024,12-Apr 9pm,2772.89
Delhi - 2024,12-Apr 10pm,2524.89
Delhi - 2024,12-Apr 11pm,2242.07
Delhi - 2024,13-Apr 12am,2011.63
Delhi - 2024,13-Apr 1am,1828.16
Delhi - 2024,13-Apr 2am,1730.96
Delhi - 2024,13-Apr 3am,1707.15
Delhi - 2024,13-Apr 4am,1825.65
Delhi - 2024,13-Apr 5am,2105.74
Delhi - 2024,13-Apr 6am,2729.20
Delhi - 2024,13-Apr 7am,3369.05
Delhi - 2024,13-Apr 8am,3554.71
Delhi - 2024,13-Apr 9am,3619.87
Delhi - 2024,13-Apr 10am,3774.65
Delhi - 2024,13-Apr 11am,3690.35
Delhi - 2024,13-Apr 12pm,3571.35
Delhi - 2024,13-Apr 1pm,3214.57
Delhi - 2024,13-Apr 2pm,3214.39
Delhi - 2024,13-Apr 3pm,3245.56
Delhi - 2024,13-Apr 4pm,3253.80
Delhi - 2024,13-Apr 5pm,3319.12
Delhi - 2024,13-Apr 6pm,3340.43
Delhi - 2024,13-Apr 7pm,3358.07
Delhi - 2024,13-Apr 8pm,3063.54
Delhi - 2024,13-Apr 9pm,2740.86
Delhi - 2024,13-Apr 10pm,2504.29
Delhi - 2024,13-Apr 11pm,2269.30
Delhi - 2024,14-Apr 12am,2023.62
Delhi - 2024,14-Apr 1am,1871.46
Delhi - 2024,14-Apr 2am,1783.62
Delhi - 2024,14-Apr 3am,1740.19
Delhi - 2024,14-Apr 4am,1839.26
Delhi - 2024,14-Apr 5am,2136.81
Delhi - 2024,14-Apr 6am,2728.65
Delhi - 2024,14-Apr 7am,3311.45
Delhi - 2024,14-Apr 8am,3462.92
Delhi - 2024,14-Apr 9am,3537.24
Delhi - 2024,14-Apr 10am,3702.09
Delhi - 2024,14-Apr 11am,3651.04
Delhi - 2024,14-Apr 12pm,3529.10
Delhi - 2024,14-Apr 1pm,3178.69
Delhi - 2024,14-Apr 2pm,3217.28
Delhi - 2024,14-Apr 3pm,3201.12
Delhi - 2024,14-Apr 4pm,3191.74
Delhi - 2024,14-Apr 5pm,3295.28
Delhi - 2024,14-Apr 6pm,3378.69
Delhi - 2024,14-Apr 7pm,3398.08
Delhi - 2024,14-Apr 8pm,3116.22
Delhi - 2024,14-Apr 9pm,2793.76
Delhi - 2024,14-Apr 10pm,2548.16
Delhi - 2024,14-Apr 11pm,2314.00
Delhi - 2024,15-Apr 12am,2078.41
Delhi - 2024,15-Apr 1am,1914.20
Delhi - 2024,15-Apr 2am,1824.79
Delhi - 2024,15-Apr 3am,1783.86
Delhi - 2024,15-Apr 4am,1874.41
Delhi - 2024,15-Apr 5am,2164.14
Delhi - 2024,15-Apr 6am,2759.01
Delhi - 2024,15-Apr 7am,3406.29
Delhi - 2024,15-Apr 8am,3570.82
Delhi - 2024,15-Apr 9am,3704.01
Delhi - 2024,15-Apr 10am,3852.10
Delhi - 2024,15-Apr 11am,3818.20
Delhi - 2024,15-Apr 12pm,3685.95
Delhi - 2024,15-Apr 1pm,3249.88
Delhi - 2024,15-Apr 2pm,3169.80
Delhi - 2024,15-Apr 3pm,3132.36
Delhi - 2024,15-Apr 4pm,3148.85
Delhi - 2024,15-Apr 5pm,3241.03
Delhi - 2024,15-Apr 6pm,3354.05
Delhi - 2024,15-Apr 7pm,3371.90
Delhi - 2024,15-Apr 8pm,3062.60
Delhi - 2024,15-Apr 9pm,2743.10
Delhi - 2024,15-Apr 10pm,2502.75
Delhi - 2024,15-Apr 11pm,2276.40
Delhi - 2024,16-Apr 12am,2043.41
Delhi - 2024,16-Apr 1am,1888.47
Delhi - 2024,16-Apr 2am,1798.80
Delhi - 2024,16-Apr 3am,1760.78
Delhi - 2024,16-Apr 4am,1852.64
Delhi - 2024,16-Apr 5am,2128.97
Delhi - 2024,16-Apr 6am,2634.51
Delhi - 2024,16-Apr 7am,3155.49
Delhi - 2024,16-Apr 8am,3338.29
Delhi - 2024,16-Apr 9am,3421.94
Delhi - 2024,16-Apr 10am,3564.84
Delhi - 2024,16-Apr 11am,3470.01
Delhi - 2024,16-Apr 12pm,3337.76
Delhi - 2024,16-Apr 1pm,3015.88
Delhi - 2024,16-Apr 2pm,2984.51
Delhi - 2024,16-Apr 3pm,2977.13
Delhi - 2024,16-Apr 4pm,2963.76
Delhi - 2024,16-Apr 5pm,3053.75
Delhi - 2024,16-Apr 6pm,3158.20
Delhi - 2024,16-Apr 7pm,3180.49
Delhi - 2024,16-Apr 8pm,2941.42
Delhi - 2024,16-Apr 9pm,2676.98
Delhi - 2024,16-Apr 10pm,2447.75
Delhi - 2024,16-Apr 11pm,2230.81
Delhi - 2024,17-Apr 12am,2000.12
Delhi - 2024,17-Apr 1am,1846.94
Delhi - 2024,17-Apr 2am,1767.35
Delhi - 2024,17-Apr 3am,1718.57
Delhi - 2024,17-Apr 4am,1791.87
Delhi - 2024,17-Apr 5am,1990.69
Delhi - 2024,17-Apr 6am,2327.37
Delhi - 2024,17-Apr 7am,2832.04
Delhi - 2024,17-Apr 8am,3101.89
Delhi - 2024,17-Apr 9am,3300.99
Delhi - 2024,17-Apr 10am,3493.36
Delhi - 2024,17-Apr 11am,3465.33
Delhi - 2024,17-Apr 12pm,3356.24
Delhi - 2024,17-Apr 1pm,2997.48
Delhi - 2024,17-Apr 2pm,2917.61
Delhi - 2024,17-Apr 3pm,2819.32
Delhi - 2024,17-Apr 4pm,2766.42
Delhi - 2024,17-Apr 5pm,2854.03
Delhi - 2024,17-Apr 6pm,2990.88
Delhi - 2024,17-Apr 7pm,3047.20
Delhi - 2024,17-Apr 8pm,2857.46
Delhi - 2024,17-Apr 9pm,2638.11
Delhi - 2024,17-Apr 10pm,2422.23
Delhi - 2024,17-Apr 11pm,2197.70
Delhi - 2024,18-Apr 12am,1990.98
Delhi - 2024,18-Apr 1am,1846.52
Delhi - 2024,18-Apr 2am,1754.55
Delhi - 2024,18-Apr 3am,1738.50
Delhi - 2024,18-Apr 4am,1829.53
Delhi - 2024,18-Apr 5am,2103.64
Delhi - 2024,18-Apr 6am,2670.29
Delhi - 2024,18-Apr 7am,3271.06
Delhi - 2024,18-Apr 8am,3415.04
Delhi - 2024,18-Apr 9am,3555.41
Delhi - 2024,18-Apr 10am,3705.89
Delhi - 2024,18-Apr 11am,3626.38
Delhi - 2024,18-Apr 12pm,3502.11
Delhi - 2024,18-Apr 1pm,3181.23
Delhi - 2024,18-Apr 2pm,3170.10
Delhi - 2024,18-Apr 3pm,3103.12
Delhi - 2024,18-Apr 4pm,3067.21
Delhi - 2024,18-Apr 5pm,3172.60
Delhi - 2024,18-Apr 6pm,3337.19
Delhi - 2024,18-Apr 7pm,3308.58
Delhi - 2024,18-Apr 8pm,3036.51
Delhi - 2024,18-Apr 9pm,2764.66
Delhi - 2024,18-Apr 10pm,2541.34
Delhi - 2024,18-Apr 11pm,2309.06
Delhi - 2024,19-Apr 12am,2077.79
Delhi - 2024,19-Apr 1am,1938.51
Delhi - 2024,19-Apr 2am,1853.78
Delhi - 2024,19-Apr 3am,1818.07
Delhi - 2024,19-Apr 4am,1897.43
Delhi - 2024,19-Apr 5am,2163.41
Delhi - 2024,19-Apr 6am,2711.03
Delhi - 2024,19-Apr 7am,3285.49
Delhi - 2024,19-Apr 8am,3457.83
Delhi - 2024,19-Apr 9am,3546.85
Delhi - 2024,19-Apr 10am,3693.86
Delhi - 2024,19-Apr 11am,3654.01
Delhi - 2024,19-Apr 12pm,3550.08
Delhi - 2024,19-Apr 1pm,3260.76
Delhi - 2024,19-Apr 2pm,3248.95
Delhi - 2024,19-Apr 3pm,3259.81
Delhi - 2024,19-Apr 4pm,3243.36
Delhi - 2024,19-Apr 5pm,3335.53
Delhi - 2024,19-Apr 6pm,3411.43
Delhi - 2024,19-Apr 7pm,3413.68
Delhi - 2024,19-Apr 8pm,3163.21
Delhi - 2024,19-Apr 9pm,2909.03
Delhi - 2024,19-Apr 10pm,2686.85
Delhi - 2024,19-Apr 11pm,2479.39
Delhi - 2024,20-Apr 12am,2278.95
Delhi - 2024,20-Apr 1am,2133.52
Delhi - 2024,20-Apr 2am,2056.73
Delhi - 2024,20-Apr 3am,2021.02
Delhi - 2024,20-Apr 4am,2110.64
Delhi - 2024,20-Apr 5am,2357.03
Delhi - 2024,20-Apr 6am,2862.23
Delhi - 2024,20-Apr 7am,3395.44
Delhi - 2024,20-Apr 8am,3535.79
Delhi - 2024,20-Apr 9am,3651.50
Delhi - 2024,20-Apr 10am,3747.81
Delhi - 2024,20-Apr 11am,3750.78
Delhi - 2024,20-Apr 12pm,3641.22
Delhi - 2024,20-Apr 1pm,3366.94
Delhi - 2024,20-Apr 2pm,3397.06
Delhi - 2024,20-Apr 3pm,3373.49
Delhi - 2024,20-Apr 4pm,3369.94
Delhi - 2024,20-Apr 5pm,3457.35
Delhi - 2024,20-Apr 6pm,3492.99
Delhi - 2024,20-Apr 7pm,3504.76
Delhi - 2024,20-Apr 8pm,3254.51
Delhi - 2024,20-Apr 9pm,3001.04
Delhi - 2024,20-Apr 10pm,2777.10
Delhi - 2024,20-Apr 11pm,2579.61
Delhi - 2024,21-Apr 12am,2332.89
Delhi - 2024,21-Apr 1am,2076.35
Delhi - 2024,21-Apr 2am,2010.73
Delhi - 2024,21-Apr 3am,1975.15
Delhi - 2024,21-Apr 4am,2042.75
Delhi - 2024,21-Apr 5am,2261.89
Delhi - 2024,21-Apr 6am,2704.60
Delhi - 2024,21-Apr 7am,3204.95
Delhi - 2024,21-Apr 8am,3379.31
Delhi - 2024,21-Apr 9am,3507.84
Delhi - 2024,21-Apr 10am,3652.26
Delhi - 2024,21-Apr 11am,3575.33
Delhi - 2024,21-Apr 12pm,3544.42
Delhi - 2024,21-Apr 1pm,3246.84
Delhi - 2024,21-Apr 2pm,3296.27
Delhi - 2024,21-Apr 3pm,3322.36
Delhi - 2024,21-Apr 4pm,3325.28
Delhi - 2024,21-Apr 5pm,3421.43
Delhi - 2024,21-Apr 6pm,3494.21
Delhi - 2024,21-Apr 7pm,3491.24
Delhi - 2024,21-Apr 8pm,3207.16
Delhi - 2024,21-Apr 9pm,2885.40
Delhi - 2024,21-Apr 10pm,2697.47
Delhi - 2024,21-Apr 11pm,2482.44
Delhi - 2024,22-Apr 12am,2260.04
Delhi - 2024,22-Apr 1am,2091.79
Delhi - 2024,22-Apr 2am,2020.02
Delhi - 2024,22-Apr 3am,1984.15
Delhi - 2024,22-Apr 4am,2059.58
Delhi - 2024,22-Apr 5am,2339.22
Delhi - 2024,22-Apr 6am,2854.96
Delhi - 2024,22-Apr 7am,3378.52
Delhi - 2024,22-Apr 8am,3567.93
Delhi - 2024,22-Apr 9am,3690.05
Delhi - 2024,22-Apr 10am,3958.87
Delhi - 2024,22-Apr 11am,3980.78
Delhi - 2024,22-Apr 12pm,3901.13
Delhi - 2024,22-Apr 1pm,3527.11
Delhi - 2024,22-Apr 2pm,3515.18
Delhi - 2024,22-Apr 3pm,3507.78
Delhi - 2024,22-Apr 4pm,3477.71
Delhi - 2024,22-Apr 5pm,3525.22
Delhi - 2024,22-Apr 6pm,3576.30
Delhi - 2024,22-Apr 7pm,3580.27
Delhi - 2024,22-Apr 8pm,3297.21
Delhi - 2024,22-Apr 9pm,3012.32
Delhi - 2024,22-Apr 10pm,2815.08
Delhi - 2024,22-Apr 11pm,2608.43
Delhi - 2024,23-Apr 12am,2371.16
Delhi - 2024,23-Apr 1am,2210.31
Delhi - 2024,23-Apr 2am,2121.98
Delhi - 2024,23-Apr 3am,2061.14
Delhi - 2024,23-Apr 4am,2129.16
Delhi - 2024,23-Apr 5am,2322.92
Delhi - 2024,23-Apr 6am,2708.25
Delhi - 2024,23-Apr 7am,3137.59
Delhi - 2024,23-Apr 8am,3265.37
Delhi - 2024,23-Apr 9am,3407.22
Delhi - 2024,23-Apr 10am,3693.32
Delhi - 2024,23-Apr 11am,3658.77
Delhi - 2024,23-Apr 12pm,3587.25
Delhi - 2024,23-Apr 1pm,3281.31
Delhi - 2024,23-Apr 2pm,3301.91
Delhi - 2024,23-Apr 3pm,3322.81
Delhi - 2024,23-Apr 4pm,3316.28
Delhi - 2024,23-Apr 5pm,3386.03
Delhi - 2024,23-Apr 6pm,3408.13
Delhi - 2024,23-Apr 7pm,3477.73
Delhi - 2024,23-Apr 8pm,3239.15
Delhi - 2024,23-Apr 9pm,3011.33
Delhi - 2024,23-Apr 10pm,2827.33
Delhi - 2024,23-Apr 11pm,2647.33
Delhi - 2024,24-Apr 12am,2425.81
Delhi - 2024,24-Apr 1am,2266.48
Delhi - 2024,24-Apr 2am,2178.76
Delhi - 2024,24-Apr 3am,2130.27
Delhi - 2024,24-Apr 4am,2174.89
Delhi - 2024,24-Apr 5am,2324.25
Delhi - 2024,24-Apr 6am,2627.52
Delhi - 2024,24-Apr 7am,2896.66
Delhi - 2024,24-Apr 8am,3047.67
Delhi - 2024,24-Apr 9am,3186.05
Delhi - 2024,24-Apr 10am,3327.29
Delhi - 2024,24-Apr 11am,3315.89
Delhi - 2024,24-Apr 12pm,3176.70
Delhi - 2024,24-Apr 1pm,2940.22
Delhi - 2024,24-Apr 2pm,2871.89
Delhi - 2024,24-Apr 3pm,2737.43
Delhi - 2024,24-Apr 4pm,2619.13
Delhi - 2024,24-Apr 5pm,2662.39
Delhi - 2024,24-Apr 6pm,2782.61
Delhi - 2024,24-Apr 7pm,2780.68
Delhi - 2024,24-Apr 8pm,2690.85
Delhi - 2024,24-Apr 9pm,2592.46
Delhi - 2024,24-Apr 10pm,2435.68
Delhi - 2024,24-Apr 11pm,2270.06
Delhi - 2024,25-Apr 12am,2097.54
Delhi - 2024,25-Apr 1am,1961.10
Delhi - 2024,25-Apr 2am,1889.61
Delhi - 2024,25-Apr 3am,1851.52
Delhi - 2024,25-Apr 4am,1894.47
Delhi - 2024,25-Apr 5am,2010.74
Delhi - 2024,25-Apr 6am,2184.99
Delhi - 2024,25-Apr 7am,2378.88
Delhi - 2024,25-Apr 8am,2336.27
Delhi - 2024,25-Apr 9am,2200.76
Delhi - 2024,25-Apr 10am,2081.72
Delhi - 2024,25-Apr 11am,2060.59
Delhi - 2024,25-Apr 12pm,2203.32
Delhi - 2024,25-Apr 1pm,2384.97
Delhi - 2024,25-Apr 2pm,2416.32
Delhi - 2024,25-Apr 3pm,2342.69
Delhi - 2024,25-Apr 4pm,2312.44
Delhi - 2024,25-Apr 5pm,2376.10
Delhi - 2024,25-Apr 6pm,2500.27
Delhi - 2024,25-Apr 7pm,2603.61
Delhi - 2024,25-Apr 8pm,2576.08
Delhi - 2024,25-Apr 9pm,2507.00
Delhi - 2024,25-Apr 10pm,2374.32
Delhi - 2024,25-Apr 11pm,2187.02
Delhi - 2024,26-Apr 12am,1998.05
Delhi - 2024,26-Apr 1am,1874.34
Delhi - 2024,26-Apr 2am,1815.24
Delhi - 2024,26-Apr 3am,1795.85
Delhi - 2024,26-Apr 4am,1862.62
Delhi - 2024,26-Apr 5am,2065.97
Delhi - 2024,26-Apr 6am,2444.32
Delhi - 2024,26-Apr 7am,2800.50
Delhi - 2024,26-Apr 8am,2984.14
Delhi - 2024,26-Apr 9am,3148.59
Delhi - 2024,26-Apr 10am,3320.58
Delhi - 2024,26-Apr 11am,3302.69
Delhi - 2024,26-Apr 12pm,3283.01
Delhi - 2024,26-Apr 1pm,3133.29
Delhi - 2024,26-Apr 2pm,3128.60
Delhi - 2024,26-Apr 3pm,3087.57
Delhi - 2024,26-Apr 4pm,3100.77
Delhi - 2024,26-Apr 5pm,3154.03
Delhi - 2024,26-Apr 6pm,3197.38
Delhi - 2024,26-Apr 7pm,3214.45
Delhi - 2024,26-Apr 8pm,3078.48
Delhi - 2024,26-Apr 9pm,2936.32
Delhi - 2024,26-Apr 10pm,2761.65
Delhi - 2024,26-Apr 11pm,2555.14
Delhi - 2024,27-Apr 12am,2360.27
Delhi - 2024,27-Apr 1am,2206.84
Delhi - 2024,27-Apr 2am,2132.80
Delhi - 2024,27-Apr 3am,2098.54
Delhi - 2024,27-Apr 4am,2152.32
Delhi - 2024,27-Apr 5am,2348.26
Delhi - 2024,27-Apr 6am,2723.15
Delhi - 2024,27-Apr 7am,3117.56
Delhi - 2024,27-Apr 8am,3272.76
Delhi - 2024,27-Apr 9am,3516.01
Delhi - 2024,27-Apr 10am,3802.75
Delhi - 2024,27-Apr 11am,3848.98
Delhi - 2024,27-Apr 12pm,3773.91
Delhi - 2024,27-Apr 1pm,3533.69
Delhi - 2024,27-Apr 2pm,3625.11
Delhi - 2024,27-Apr 3pm,3658.56
Delhi - 2024,27-Apr 4pm,3661.20
Delhi - 2024,27-Apr 5pm,3732.05
Delhi - 2024,27-Apr 6pm,3688.63
Delhi - 2024,27-Apr 7pm,3719.02
Delhi - 2024,27-Apr 8pm,3496.98
Delhi - 2024,27-Apr 9pm,3257.65
Delhi - 2024,27-Apr 10pm,3100.97
Delhi - 2024,27-Apr 11pm,2918.56
Delhi - 2024,28-Apr 12am,2683.44
Delhi - 2024,28-Apr 1am,2529.96
Delhi - 2024,28-Apr 2am,2427.79
Delhi - 2024,28-Apr 3am,2372.93
Delhi - 2024,28-Apr 4am,2421.78
Delhi - 2024,28-Apr 5am,2583.26
Delhi - 2024,28-Apr 6am,2931.91
Delhi - 2024,28-Apr 7am,3251.54
Delhi - 2024,28-Apr 8am,3359.12
Delhi - 2024,28-Apr 9am,3573.67
Delhi - 2024,28-Apr 10am,3847.28
Delhi - 2024,28-Apr 11am,3923.02
Delhi - 2024,28-Apr 12pm,3910.10
Delhi - 2024,28-Apr 1pm,3740.67
Delhi - 2024,28-Apr 2pm,3861.43
Delhi - 2024,28-Apr 3pm,3883.04
Delhi - 2024,28-Apr 4pm,3876.36
Delhi - 2024,28-Apr 5pm,3889.76
Delhi - 2024,28-Apr 6pm,3797.24
Delhi - 2024,28-Apr 7pm,3890.19
Delhi - 2024,28-Apr 8pm,3686.50
Delhi - 2024,28-Apr 9pm,3439.81
Delhi - 2024,28-Apr 10pm,3286.03
Delhi - 2024,28-Apr 11pm,3114.29
Delhi - 2024,29-Apr 12am,2893.35
Delhi - 2024,29-Apr 1am,2727.49
Delhi - 2024,29-Apr 2am,2615.39
Delhi - 2024,29-Apr 3am,2544.33
Delhi - 2024,29-Apr 4am,2574.99
Delhi - 2024,29-Apr 5am,2688.73
Delhi - 2024,29-Apr 6am,2933.62
Delhi - 2024,29-Apr 7am,3202.02
Delhi - 2024,29-Apr 8am,3289.41
Delhi - 2024,29-Apr 9am,3558.87
Delhi - 2024,29-Apr 10am,3915.24
Delhi - 2024,29-Apr 11am,4057.09
Delhi - 2024,29-Apr 12pm,4065.55
Delhi - 2024,29-Apr 1pm,3799.80
Delhi - 2024,29-Apr 2pm,3886.69
Delhi - 2024,29-Apr 3pm,3933.83
Delhi - 2024,29-Apr 4pm,3949.29
Delhi - 2024,29-Apr 5pm,4003.22
Delhi - 2024,29-Apr 6pm,3965.41
Delhi - 2024,29-Apr 7pm,3922.99
Delhi - 2024,29-Apr 8pm,3715.87
Delhi - 2024,29-Apr 9pm,3480.21
Delhi - 2024,29-Apr 10pm,3349.78
Delhi - 2024,29-Apr 11pm,3197.62
Delhi - 2024,30-Apr 12am,3021.66
Delhi - 2024,30-Apr 1am,2870.14
Delhi - 2024,30-Apr 2am,2750.67
Delhi - 2024,30-Apr 3am,2679.15
Delhi - 2024,30-Apr 4am,2700.08
Delhi - 2024,30-Apr 5am,2833.60
Delhi - 2024,30-Apr 6am,3064.89
Delhi - 2024,30-Apr 7am,3277.47
Delhi - 2024,30-Apr 8am,3363.35
Delhi - 2024,30-Apr 9am,3543.34
Delhi - 2024,30-Apr 10am,3816.31
Delhi - 2024,30-Apr 11am,3903.80
Delhi - 2024,30-Apr 12pm,3958.17
Delhi - 2024,30-Apr 1pm,3803.03
Delhi - 2024,30-Apr 2pm,3900.84
Delhi - 2024,30-Apr 3pm,3951.98
Delhi - 2024,30-Apr 4pm,3904.43
Delhi - 2024,30-Apr 5pm,3896.94
Delhi - 2024,30-Apr 6pm,3877.98
Delhi - 2024,30-Apr 7pm,3937.19
Delhi - 2024,30-Apr 8pm,3753.42
Delhi - 2024,30-Apr 9pm,3543.18
Delhi - 2024,30-Apr 10pm,3505.90
Delhi - 2024,30-Apr 11pm,3381.62
